tyear_x,tmonth_x,period,allItemsYearOn,allItemsAverage,foodYearOn,foodAverage,allItemsLessFrmProdYearOn,allItemsLessFrmProdAverage,allItemsLessFrmProdAndEnergyYearOn,allItemsLessFrmProdAndEnergyAvg,tyear_y,tmonth_y,moneySupply_M3,cbnBills,moneySupply_M2,quasiMoney,narrowMoney,currencyOutsideBanks,demandDeposits,netForeignAssets,netDomesticAssets,netDomesticCredit,creditToGovernment,creditToGovernmentFed,mirrorAccounts,creditToPrivateSector,otherAssetsNet,baseMoney,currencyInCirculation,bankReserves,tyear,tmonth,crudeOilPrice,domProd,crudeOilExp,interBankCallRate,mpr,treasuryBill,savingsDeposit,oneMonthDeposit,threeMonthsDeposit,sixMonthsDeposit,twelveMonthsDeposit,primeLending,maxLending,day,quater,week_of_year,day_of_week,day_of_year,year,month_name_August,month_name_December,month_name_February,month_name_January,month_name_July,month_name_June,month_name_March,month_name_May,month_name_November,month_name_October,month_name_September
2025,6,2025-06-01,22.22,26.6,21.97,28.28,22.43,23.69,22.76,24.14,2025,6,117250742.74,10805.4,117239937.33,77375835.57,39864101.77,4493787.77,35370313.99,41467017.57,75783725.16,97787860.3,21662004.62,0.0,0.0,76125855.69,3187029.68,34659417.19,5007516.17,29651901.02,2025,6,73.5,1.51,1.06,25.14,27.5,17.9,7.52,10.02,10.77,9.03,11.55,18.19,29.51,1,2,22.0,6,152,2025,False,False,False,False,False,True,False,False,False,False,False
2025,5,2025-05-01,22.97,27.55,21.14,29.8,23.28,24.02,22.28,24.51,2025,5,119204429.68,13239.94,119191189.74,78679155.05,40512034.69,4633853.89,35878180.8,47802879.49,71401550.19,100955257.88,22988130.03,0.0,0.0,77967127.85,8294832.02,35879310.16,5014793.27,30864516.89,2025,5,65.9,1.45,1.0,26.57,27.5,19.07,7.53,10.42,10.18,10.81,10.51,18.01,29.84,1,2,18.0,3,121,2025,False,False,False,False,False,False,False,True,False,False,False
2025,4,2025-04-01,23.71,28.46,21.26,31.43,24.5,24.27,23.39,24.91,2025,4,119221650.16,22936.03,119198714.13,78218934.98,40979779.15,4568096.14,36411683.01,49791707.68,69429942.48,102002681.13,23934952.13,0.0,0.0,78067729.0,11679368.65,34735312.55,5014849.02,29720463.52,2025,4,69.07,1.49,1.04,26.54,27.5,18.34,7.5,10.2,11.4,13.82,11.31,18.32,30.11,1,2,14.0,1,91,2025,False,False,False,False,False,False,False,False,False,False,False
2025,3,2025-03-01,24.23,29.3,21.79,33.1,24.15,24.39,24.43,25.2,2025,3,115815194.96,20807.61,115794387.35,75814189.75,39980197.6,4597915.18,35382282.4,47637834.57,68177360.39,100570976.51,24589403.51,0.0,0.0,75981573.01,15797020.3,33526317.75,5002769.32,28523548.43,2025,3,74.44,1.4,0.95,28.09,27.5,17.41,7.5,10.34,11.19,14.3,11.39,17.96,30.19,1,1,9.0,5,60,2025,False,False,False,False,False,False,True,False,False,False,False
2025,2,2025-02-01,23.18,30.09,23.51,34.74,22.06,24.49,23.01,25.33,2025,2,110709524.82,10778.76,110698746.06,72986613.87,37712132.19,4515782.12,33196350.08,32532481.13,78177043.69,103369157.55,27111919.09,0.0,0.0,76257238.46,5140799.04,32606465.84,5037015.1,27569450.74,2025,2,77.08,1.47,1.02,31.03,27.5,17.48,7.51,10.1,11.54,13.59,9.73,18.35,30.5,1,1,5.0,5,32,2025,False,False,True,False,False,False,False,False,False,False,False
2025,1,2025-01-01,24.48,30.88,26.08,36.09,21.93,24.73,22.59,25.53,2025,1,111108773.42,10769.66,111098003.76,74169537.8,36766765.57,4737157.27,32191308.69,33188490.42,77920283.0,102406829.09,25029404.13,0.0,0.0,77377424.96,5732414.4,32664351.54,5235432.14,27428919.41,2025,1,80.76,1.54,1.09,28.58,27.5,18.0,7.5,10.31,11.99,14.44,14.0,18.49,29.79,1,1,1.0,2,1,2025,False,False,False,True,False,False,False,False,False,False,False
2024,12,2024-12-01,15.44,31.43,17.94,37.03,12.48,24.9,13.05,25.66,2024,12,113355072.02,17386.79,113337685.23,74523601.39,38814083.84,5125283.07,33688800.77,31961015.59,81394056.43,105162705.57,27140247.0,0.0,0.0,78022458.6,-1348731.92,32672828.4,5441159.98,27231663.42,2024,12,74.72,1.48,1.03,28.71,27.5,18.0,7.51,10.4,11.59,13.18,13.33,18.56,29.71,1,4,48.0,6,336,2024,False,True,False,False,False,False,False,False,False,False,False
2024,11,2024-11-01,34.6,32.77,39.93,38.67,27.87,25.91,28.75,26.64,2024,11,108966480.44,19796.18,108946684.26,72672756.9,36273927.36,4652527.74,31621399.62,17347112.78,91619367.66,115576757.67,39616629.91,0.0,0.0,75960127.77,12147461.96,30871571.25,4878125.22,25993446.02,2024,11,75.44,1.49,1.04,28.88,27.5,18.0,6.56,8.48,9.53,12.13,14.22,18.39,31.06,1,4,44.0,4,306,2024,False,False,False,False,False,False,False,False,True,False,False
2024,10,2024-10-01,33.88,32.26,39.16,38.12,27.42,25.48,28.37,26.12,2024,10,107999619.24,10797.22,107988822.02,73204528.58,34784293.44,4288141.2,30496152.24,20786785.89,87212833.35,113463677.29,39391214.35,0.0,0.0,74072462.95,13668236.43,30005705.16,4549217.51,25456487.65,2024,10,76.69,1.33,0.88,27.83,27.25,17.0,7.56,10.06,11.65,13.26,13.57,17.36,30.28,1,4,40.0,1,275,2024,False,False,False,False,False,False,False,False,False,True,False
2024,9,2024-09-01,32.7,31.73,37.77,37.53,26.49,25.08,27.43,25.64,2024,9,109411154.85,9409.49,109401745.36,73542912.31,35858833.05,4016510.71,31842322.34,19498793.94,89912360.91,115301488.41,39467247.32,0.0,0.0,75834241.09,12442393.55,28137041.63,4311072.27,23825969.35,2024,9,76.05,1.32,0.87,27.92,27.25,16.91,6.79,11.25,12.08,13.93,13.78,16.75,30.21,1,3,35.0,6,245,2024,False,False,False,False,False,False,False,False,False,False,True
2024,8,2024-08-01,32.15,31.26,37.52,36.99,26.36,24.72,27.58,25.18,2024,8,107192936.86,10717.37,107182219.49,72232284.01,34949935.48,3868610.9,31081324.58,25516266.66,81676670.2,105882488.57,31150799.28,0.0,0.0,74731689.28,13030099.14,26891229.28,4144842.39,22746386.89,2024,8,82.88,1.35,0.9,28.44,26.75,18.3,6.75,10.51,14.4,16.59,16.24,17.01,29.93,1,3,31.0,3,214,2024,True,False,False,False,False,False,False,False,False,False,False
2024,7,2024-07-01,33.4,30.76,39.53,36.36,26.28,24.33,27.47,24.65,2024,7,106358093.27,10717.37,106347375.9,71023282.48,35324093.42,3665891.91,31658201.51,32393100.04,73964993.22,95333872.43,19825050.41,0.0,0.0,75508822.02,10292331.59,25553347.14,4053763.93,21499583.21,2024,7,87.28,1.31,0.86,25.77,26.75,16.99,6.74,9.92,15.2,16.36,16.93,15.89,28.89,1,3,27.0,0,183,2024,False,False,False,False,True,False,False,False,False,False,False
2024,6,2024-06-01,34.19,30.0,40.87,35.35,26.53,23.87,27.4,24.06,2024,6,101461229.42,10711.8,101450517.62,64651773.24,36798744.38,3790570.28,33008174.1,23090881.89,78370347.53,97124532.77,23932584.88,0.0,0.0,73191947.89,10061307.41,25023190.29,4048729.81,20974460.48,2024,6,83.64,1.28,0.83,25.13,26.25,16.37,6.67,11.75,12.05,15.09,13.08,15.85,29.11,1,2,22.0,5,153,2024,False,False,False,False,False,True,False,False,False,False,False
2024,5,2024-05-01,33.95,29.06,40.66,34.06,26.36,23.35,27.04,23.45,2024,5,99235741.19,249384.7,98986356.49,65603723.61,33382632.88,3709945.42,29672687.46,15335784.44,83899956.74,102687866.09,28375743.25,0.0,0.0,74312122.83,5103989.5,25656624.96,3965101.26,21691523.7,2024,5,84.01,1.25,0.8,30.29,26.25,16.44,6.68,11.34,11.29,13.03,12.19,15.54,28.67,1,2,18.0,2,122,2024,False,False,False,False,False,False,False,True,False,False,False
2024,4,2024-04-01,33.69,28.1,40.53,32.74,26.18,22.82,26.84,22.84,2024,4,96974201.49,10677.52,96963523.96,63144533.15,33818990.81,3605057.39,30213933.42,28727559.85,68246641.63,92892085.56,19975143.66,0.0,0.0,72916941.9,9990300.22,24387924.33,3922947.87,20464976.46,2024,4,93.12,1.28,0.83,29.88,24.75,16.24,6.29,10.68,11.65,11.74,11.23,15.54,29.49,1,2,14.0,0,92,2024,False,False,False,False,False,False,False,False,False,False,False
2024,3,2024-03-01,33.2,27.13,40.01,31.4,25.39,22.31,25.9,22.26,2024,3,92186570.63,241225.72,91945344.91,59746525.34,32198819.57,3628160.97,28570658.6,25946086.92,66240483.71,91480590.74,20053981.85,0.0,0.0,71426608.89,9362672.44,23384823.66,3869335.26,19515488.4,2024,3,88.8,1.23,0.78,27.95,24.75,16.53,6.28,9.9,10.9,10.54,11.04,15.7,29.38,1,1,9.0,4,61,2024,False,False,False,False,False,False,True,False,False,False,False
2024,2,2024-02-01,31.7,26.18,37.92,30.07,24.67,21.84,25.13,21.72,2024,2,97223784.02,1588772.44,95635011.58,64532433.74,31102577.84,3410644.39,27691933.45,36056588.51,61167195.52,99648710.97,18426607.2,0.0,0.0,81222103.76,8975688.38,21237738.02,3693578.23,17544159.79,2024,2,86.08,1.32,0.87,19.25,22.75,17.03,5.86,8.69,9.89,9.61,10.75,15.06,26.55,1,1,5.0,3,32,2024,False,False,True,False,False,False,False,False,False,False,False
2024,1,2024-01-01,29.9,25.35,35.41,28.91,23.44,21.35,23.59,21.15,2024,1,94614600.44,842591.59,93772008.85,62216126.61,31555882.24,3281198.2,28274684.04,29739769.64,64874830.79,99997638.73,23518053.15,0.0,0.0,76479585.58,6732309.44,24164031.04,3650500.2,20513530.84,2024,1,82.18,1.43,0.98,16.43,18.75,4.33,5.28,7.49,9.26,8.29,9.93,13.82,27.07,1,1,1.0,0,1,2024,False,False,False,True,False,False,False,False,False,False,False
2023,12,2023-12-01,28.92,24.66,33.93,27.96,23.07,20.99,23.06,20.76,2023,12,79252459.19,421337.19,78831122.0,48708833.11,30122288.89,3433927.24,26688361.65,9338449.78,69914009.41,96086279.48,33547601.17,0.0,0.0,62538678.31,6091164.18,24735518.47,3653303.9,21082214.57,2023,12,79.12,1.34,0.89,16.99,18.75,8.93,5.28,7.24,7.56,8.42,9.75,14.17,26.62,1,4,48.0,4,335,2023,False,True,False,False,False,False,False,False,False,False,False
2023,11,2023-11-01,28.2,24.01,32.84,27.09,22.55,20.61,22.38,20.35,2023,11,72025600.09,682641.58,71342958.51,45063273.79,26279684.73,3080140.65,23199544.08,11514676.03,60510924.06,85349397.0,25664280.91,0.0,0.0,59685116.08,4479720.51,22908392.34,3347716.33,19560676.02,2023,11,85.76,1.25,0.8,19.39,18.75,7.73,5.26,6.92,7.53,9.95,9.06,14.05,27.61,1,4,44.0,2,305,2023,False,False,False,False,False,False,False,False,True,False,False
2023,10,2023-10-01,27.33,23.44,31.52,26.33,22.69,20.25,22.58,19.98,2023,10,73907037.03,1245804.25,72661232.78,46234282.22,26426950.56,2696981.44,23729969.13,28099657.3,45807379.74,72960640.3,9390923.05,0.0,0.0,63569717.25,9140584.25,21538820.56,3010346.55,18528474.01,2023,10,94.9,1.35,0.9,7.2,18.75,5.39,5.26,7.13,8.57,8.93,8.79,14.39,28.97,1,4,39.0,6,274,2023,False,False,False,False,False,False,False,False,False,True,False
2023,9,2023-09-01,26.72,22.9,30.64,25.65,22.1,19.83,21.84,19.55,2023,9,66944539.37,769616.21,66174923.16,40854906.22,25320016.94,2416033.51,22903983.43,12537895.82,54406643.55,81644797.92,22137450.47,0.0,0.0,59507347.45,10100221.41,19506555.34,2761291.98,16745263.35,2023,9,98.16,1.35,0.9,12.73,18.75,5.29,5.26,7.22,7.52,8.44,8.49,14.32,27.24,1,3,35.0,4,244,2023,False,False,False,False,False,False,False,False,False,False,True
2023,8,2023-08-01,25.8,22.38,29.34,25.01,21.54,19.45,21.15,19.18,2023,8,66191502.84,552524.16,65638978.68,41200375.5,24438603.19,2223690.38,22214912.8,13935019.44,52256483.4,79455252.89,22507192.0,0.0,0.0,56948060.89,10120457.7,19429603.25,2660138.92,16769464.34,2023,8,89.3,1.18,0.73,3.89,18.75,5.13,5.26,7.31,7.55,8.3,8.13,13.99,27.59,1,3,31.0,1,213,2023,True,False,False,False,False,False,False,False,False,False,False
2023,7,2023-07-01,24.08,21.92,26.98,24.46,20.8,19.08,20.47,18.84,2023,7,65329717.47,10599.73,65319117.73,40951100.03,24368017.71,2206635.6,22161382.11,10241047.37,55088187.62,84082353.94,27621170.06,0.0,0.0,56461183.87,10864333.26,17376486.41,2595761.69,14780724.72,2023,7,82.27,1.09,0.64,6.73,18.75,4.45,5.24,7.11,7.62,8.25,7.81,13.98,27.38,1,3,26.0,5,182,2023,False,False,False,False,True,False,False,False,False,False,False
2023,6,2023-06-01,22.79,21.54,25.25,24.03,20.27,18.71,20.06,18.47,2023,6,64906930.75,548713.55,64358217.2,39863291.17,24494926.03,2263065.09,22231860.95,11112802.79,53414463.97,84045544.14,31233079.3,0.0,0.0,52812464.85,10901306.61,17718915.65,2603266.82,15115648.83,2023,6,76.97,1.26,0.81,11.66,18.5,3.87,5.18,7.15,7.68,8.54,7.83,13.85,28.94,1,2,22.0,3,152,2023,False,False,False,False,False,True,False,False,False,False,False
2023,5,2023-05-01,22.41,21.2,24.82,23.65,20.06,18.33,19.83,18.11,2023,5,55692740.99,142342.97,55550398.02,33064996.53,22485401.49,2177314.37,20308087.11,4404133.68,50910749.89,75498300.31,30711430.13,0.0,0.0,44786870.17,12262582.03,17922716.51,2526679.63,15396036.88,2023,5,76.91,1.19,0.74,12.31,18.5,2.98,5.13,7.29,7.95,9.84,8.23,14.07,28.31,1,2,18.0,0,121,2023,False,False,False,False,False,False,False,True,False,False,False
2023,4,2023-04-01,22.22,20.82,24.61,23.22,20.14,17.91,19.96,17.7,2023,4,56046522.78,397178.14,55649344.64,33107075.68,22542268.96,2078211.57,20464057.39,5044475.45,50602383.34,74425692.4,30761091.82,0.0,0.0,43664600.58,12846557.39,17943103.23,2379074.15,15564029.09,2023,4,86.6,1.0,0.55,15.8,18.0,5.73,4.59,7.32,7.92,9.84,8.18,14.05,28.59,1,2,13.0,5,91,2023,False,False,False,False,False,False,False,False,False,False,False
2023,3,2023-03-01,22.04,20.37,24.45,22.72,19.86,17.41,19.63,17.22,2023,3,54628225.07,442358.32,54185866.75,32786272.84,21399593.91,1445249.67,19954344.24,5991802.89,48636422.18,70541342.84,27529660.6,0.0,0.0,43011682.24,11086962.62,15975739.59,1683498.35,14292241.24,2023,3,81.1,1.27,0.82,14.75,18.0,3.81,4.58,7.12,7.63,9.35,7.84,13.97,28.08,1,1,9.0,2,60,2023,False,False,False,False,False,False,True,False,False,False,False
2023,2,2023-02-01,21.91,19.87,24.35,22.12,18.84,16.92,18.37,16.75,2023,2,53295069.64,373284.44,52921785.2,31963024.25,20958760.95,843311.51,20115449.43,5495935.83,47799133.81,70185426.07,28431011.26,0.0,0.0,41754414.82,12001222.23,16319375.63,982097.66,15337277.97,2023,2,86.04,1.29,0.84,12.54,17.5,2.09,4.3,7.56,7.78,8.91,8.84,13.62,28.75,1,1,5.0,2,32,2023,False,False,True,False,False,False,False,False,False,False,False
2023,1,2023-01-01,21.82,19.36,24.32,21.53,19.16,16.52,18.88,16.41,2023,1,53138821.44,303722.84,52835098.6,31924030.74,20911067.86,792184.39,20118883.47,4555768.04,4555768.04,68181437.12,26639026.37,0.0,0.0,41542410.74,9323345.22,16577667.07,1386398.5,15191268.58,2023,1,84.78,1.27,0.82,10.35,17.5,1.39,4.29,8.18,8.76,7.35,7.79,13.67,27.63,1,1,52.0,6,1,2023,False,False,False,True,False,False,False,False,False,False,False
2022,12,2022-12-01,21.34,18.85,23.75,20.94,18.49,16.08,18.21,16.02,2022,12,52155416.84,393638.86,51761777.98,31033831.56,20727946.42,2569010.89,18158935.53,4252034.91,47903381.93,66398287.74,24656590.51,0.0,0.0,41741697.22,7541812.2,16032053.9,3012057.17,13019996.73,2022,12,82.5,1.24,0.79,12.0,16.5,4.35,4.13,8.15,8.79,8.68,8.22,13.85,29.13,1,4,48.0,3,335,2022,False,True,False,False,False,False,False,False,False,False,False
2022,11,2022-11-01,21.47,18.37,24.13,20.41,18.24,15.69,17.99,15.69,2022,11,51686054.6,1260.58,51684794.02,30230893.34,21453900.68,2645857.33,18808043.35,5603800.28,46082254.3,64166739.86,22636974.13,0.0,0.0,41529765.73,7680283.46,15263886.97,3164256.76,12099630.21,2022,11,93.36,1.19,0.74,12.25,16.5,6.5,3.93,7.38,8.45,8.98,7.87,13.17,28.14,1,4,44.0,1,305,2022,False,False,False,False,False,False,False,False,True,False,False
2022,10,2022-10-01,21.09,17.86,23.72,19.83,17.76,15.31,17.46,15.38,2022,10,50629994.44,1259.91,50628734.53,29285966.07,21342768.46,2836803.01,18505965.45,6168860.55,44461133.88,63481231.66,22645912.75,0.0,0.0,40835318.91,8114826.85,14999458.73,3298786.78,11700671.95,2022,10,96.57,1.01,0.56,0.0,15.5,6.49,3.77,7.04,8.01,7.43,7.07,12.23,28.06,1,4,39.0,5,274,2022,False,False,False,False,False,False,False,False,False,True,False
2022,9,2022-09-01,20.77,17.43,23.34,19.36,17.6,14.93,17.49,15.07,2022,9,49333082.51,1246.14,49331836.37,28134464.72,21197371.65,2729883.34,18467488.31,4485157.31,44847925.2,63341597.62,22826317.44,0.0,0.0,40515280.18,7808252.77,15007589.94,3228752.06,11778837.88,2022,9,93.25,0.94,0.49,0.0,15.5,5.68,4.08,6.32,6.99,7.4,6.53,12.23,28.06,1,3,35.0,3,244,2022,False,False,False,False,False,False,False,False,False,False,True
2022,8,2022-08-01,20.52,17.07,23.12,19.02,17.2,14.6,17.12,14.8,2022,8,49316792.01,940.84,49315851.17,27879535.03,21436316.14,2680216.96,18756099.18,4920998.48,44395793.53,61168905.59,20965137.37,0.0,0.0,40203768.22,6616958.26,14040351.86,3210664.98,10829686.88,2022,8,106.34,0.97,0.52,15.0,14.0,3.83,2.93,5.58,6.79,7.8,7.07,12.23,28.3,1,3,31.0,0,213,2022,True,False,False,False,False,False,False,False,False,False,False
2022,7,2022-07-01,19.64,16.75,22.02,18.75,16.26,14.28,16.06,14.53,2022,7,48291204.06,910.72,48290293.34,27903910.41,20386382.93,2721500.8,17664882.13,5205255.26,43085948.8,59959367.27,20106289.74,0.0,0.0,39853077.54,6821712.59,14026886.11,3242600.24,10784285.87,2022,7,120.54,1.08,0.63,13.0,14.0,2.76,1.42,3.64,4.96,5.87,5.76,12.1,27.61,1,3,26.0,4,182,2022,False,False,False,False,True,False,False,False,False,False,False
2022,6,2022-06-01,18.6,16.54,20.6,18.62,15.75,14.06,15.7,14.39,2022,6,48898340.44,893.87,48897446.57,28549237.06,20348209.51,2719330.52,17628878.99,6102755.65,42789310.43,57448240.49,18214634.5,0.0,0.0,39233605.99,5609749.62,13860265.17,3255563.28,10604701.89,2022,6,130.1,1.16,0.71,11.1,13.0,2.41,1.38,3.48,4.55,4.97,5.3,12.29,27.61,1,2,22.0,2,152,2022,False,False,False,False,False,True,False,False,False,False,False
2022,5,2022-05-01,17.71,16.45,19.5,18.68,14.9,13.83,14.84,14.21,2022,5,48514495.3,988.85,48513506.45,27951806.09,20561700.36,2763895.4,17797804.96,7120303.91,41394191.39,56506223.69,18049373.09,0.0,0.0,38456850.6,6266610.12,14265730.18,3330863.86,10934866.33,2022,5,116.72,1.02,0.57,8.38,13.0,2.47,1.37,3.57,4.7,5.68,5.73,11.96,27.37,1,2,17.0,6,121,2022,False,False,False,False,False,False,False,True,False,False,False
2022,4,2022-04-01,16.82,16.45,18.37,18.88,14.18,13.68,14.14,14.12,2022,4,47147578.65,933.46,47146645.19,27325317.22,19821327.97,2833752.73,16987575.24,7516045.31,39631533.34,54296180.59,16847655.48,0.0,0.0,37448525.11,6450900.21,14376820.88,3350615.22,11026205.66,2022,4,106.51,1.22,0.77,8.67,11.5,1.74,1.28,2.96,4.44,4.98,5.46,11.83,27.79,1,2,13.0,4,91,2022,False,False,False,False,False,False,False,False,False,False,False
2022,3,2022-03-01,15.92,16.54,17.2,19.21,13.91,13.56,14.05,14.05,2022,3,45664828.96,923.05,45663905.91,26053549.08,19610356.83,2714074.02,16896282.81,7563818.91,38101010.05,52787060.85,16319660.37,0.0,0.0,36467400.48,6965628.82,14301768.29,3245597.55,11056170.74,2022,3,121.23,1.24,0.79,11.33,11.5,1.75,1.28,3.33,4.41,4.53,5.82,11.84,26.61,1,1,9.0,1,60,2022,False,False,False,False,False,False,True,False,False,False,False
2022,2,2022-02-01,15.7,16.73,17.11,19.69,14.01,13.46,14.28,13.99,2022,2,44740264.88,926.96,44739337.92,25842010.17,18897327.74,2723657.37,16173670.37,8458893.96,36655135.1,50707660.59,14721135.97,0.0,0.0,35986524.62,6915462.9,13635912.33,3250188.89,10385723.44,2022,2,99.64,1.26,0.81,9.3,11.5,2.3,1.25,3.46,4.48,4.56,5.84,11.78,30.73,1,1,5.0,1,32,2022,False,False,True,False,False,False,False,False,False,False,False
2022,1,2022-01-01,15.6,16.87,17.13,20.09,13.87,13.33,14.16,13.88,2022,1,45194945.63,105787.99,45089157.64,26499465.42,18589692.22,2779750.75,15809941.47,8386366.23,36808579.4,50088061.91,14903925.4,0.0,0.0,35184136.51,5799144.58,13608456.25,3288027.6,10320428.65,2022,1,88.71,1.4,0.95,14.31,11.5,2.49,1.25,3.79,5.0,4.67,5.86,11.68,27.65,1,1,52.0,5,1,2022,False,False,False,True,False,False,False,False,False,False,False
2021,12,2021-12-01,15.63,16.95,17.37,20.4,13.87,13.16,14.35,13.75,2021,12,44443974.75,909.16,44443065.59,26387204.76,18055860.83,2938416.18,15117444.65,9352147.37,35091827.38,48760641.75,13839910.4,0.0,0.0,34920731.34,5197976.7,13295152.46,3325157.97,9969994.48,2021,12,65.41,1.2,0.75,0.0,11.5,2.49,1.25,3.73,4.94,4.82,6.79,11.68,27.58,1,4,48.0,2,335,2021,False,True,False,False,False,False,False,False,False,False,False
2021,11,2021-11-01,15.4,16.98,17.21,20.62,13.85,12.96,14.41,13.54,2021,11,42604214.93,4126.71,42600088.22,25481203.12,17118885.1,2726065.1,14392820.0,8436779.16,34167435.78,48413289.1,13034104.65,0.0,0.0,35379184.45,5371968.07,12994110.88,3148591.61,9845519.27,2021,11,82.16,1.23,0.78,11.53,11.5,2.5,1.83,3.72,4.96,5.36,7.34,11.8,27.26,1,4,44.0,0,305,2021,False,False,False,False,False,False,False,False,True,False,False
2021,10,2021-10-01,15.99,16.96,18.34,20.75,13.24,12.73,13.78,13.31,2021,10,41475250.51,873.14,41474377.37,24963926.76,16510450.61,2540822.9,13969627.71,7163901.28,34311349.23,47566565.62,12946605.35,0.0,0.0,34619960.27,4663495.28,12734571.1,2965985.43,9768585.67,2021,10,84.11,1.23,0.78,13.33,11.5,2.5,1.28,3.8,5.02,5.61,7.4,11.61,27.1,1,4,39.0,4,274,2021,False,False,False,False,False,False,False,False,False,True,False
2021,9,2021-09-01,16.63,16.83,19.57,20.71,13.74,12.55,14.36,13.14,2021,9,40450136.09,933.29,40449202.79,24487916.19,15961286.61,2371567.68,13589718.92,5807745.38,34642390.7,46941916.24,13005389.1,0.0,0.0,33936527.14,3914861.09,12905941.24,2837063.77,10116687.53,2021,9,74.55,1.25,0.8,13.21,11.5,2.5,1.28,3.71,4.65,5.83,6.72,11.73,27.1,1,3,35.0,2,244,2021,False,False,False,False,False,False,False,False,False,False,True
2021,8,2021-08-01,17.01,16.6,20.3,20.5,13.41,12.29,13.98,12.88,2021,8,40945143.77,135050.94,40810092.82,24383199.21,16426893.61,2312069.53,14114824.09,8200646.92,32744496.85,46009146.0,12567398.2,0.0,0.0,33441747.8,5112263.92,12866701.88,2778706.01,10135805.92,2021,8,70.72,1.24,0.79,13.45,11.5,2.5,1.82,3.6,4.8,5.3,6.73,11.62,28.0,1,3,30.0,6,213,2021,True,False,False,False,False,False,False,False,False,False,False
2021,7,2021-07-01,17.38,16.3,21.03,20.16,13.72,12.05,14.45,12.64,2021,7,39752888.62,19331.91,39733556.72,23472555.28,16261001.44,2369639.06,13891362.38,7472444.74,32280443.88,44985372.12,12124740.08,0.0,0.0,32860632.04,4656099.05,12830875.69,2812103.48,10018772.22,2021,7,75.93,1.32,0.87,12.38,11.5,2.5,1.82,3.27,4.78,4.83,6.3,11.57,27.99,1,3,26.0,3,182,2021,False,False,False,False,True,False,False,False,False,False,False
2021,6,2021-06-01,17.75,15.93,21.83,19.72,13.09,11.75,13.68,12.32,2021,6,39510562.98,647509.76,38863053.22,22838659.57,16024393.65,2248185.2,13776208.45,7292245.73,32218317.25,44219415.3,11593876.28,0.0,0.0,32625539.02,4164123.41,12333852.25,2741262.67,9592526.39,2021,6,73.46,1.31,0.86,16.57,11.5,2.5,1.81,3.36,4.96,5.14,6.54,11.67,29.05,1,2,22.0,1,152,2021,False,False,False,False,False,True,False,False,False,False,False
2021,5,2021-05-01,17.93,15.5,22.28,19.18,13.15,11.5,13.76,12.07,2021,5,39856996.98,1164023.7,38692973.28,22436331.56,16256641.72,2316426.36,13940215.36,7356458.68,32500538.3,44669259.81,12552025.37,0.0,0.0,32117234.44,4499169.08,13064088.63,2790895.5,10273129.95,2021,5,67.83,1.34,0.89,15.23,11.5,2.5,1.83,2.84,4.0,4.47,6.14,11.29,28.39,1,2,17.0,5,121,2021,False,False,False,False,False,False,False,True,False,False,False
2021,4,2021-04-01,18.12,15.04,22.72,18.58,12.74,11.25,13.3,11.81,2021,4,39151453.58,688478.54,38462975.04,22467042.61,15995932.43,2302191.18,13693741.25,6782878.02,32368575.56,44134011.03,12236471.93,0.0,0.0,31897539.1,4044784.32,13202697.77,2796471.37,10406163.21,2021,4,64.3,1.37,0.92,30.0,11.5,2.0,1.86,2.33,3.32,3.5,5.78,11.24,28.64,1,2,13.0,3,91,2021,False,False,False,False,False,False,False,False,False,False,False
2021,3,2021-03-01,18.17,14.55,22.95,17.93,12.67,11.01,13.22,11.58,2021,3,38720379.46,432166.65,38288212.81,13832542.77,16138206.97,2305664.2,13832542.77,6725973.17,31994406.29,43503924.95,12066876.87,0.0,0.0,31437048.08,4296428.49,13338122.26,2808734.33,10529324.74,2021,3,65.62,1.43,0.98,10.1,11.5,2.0,1.86,2.06,3.05,2.8,4.94,11.13,28.74,1,1,9.0,0,60,2021,False,False,False,False,False,False,True,False,False,False,False
2021,2,2021-02-01,17.33,14.05,21.79,17.25,12.38,10.77,12.98,11.33,2021,2,38796566.64,697139.38,38099427.26,21615357.14,16484070.12,2319993.77,14164076.35,8403538.47,30393028.17,43091736.2,12586130.06,0.0,0.0,30505606.14,5543654.15,13395207.29,2779831.6,10615312.5,2021,2,62.48,1.42,0.97,11.43,11.5,1.49,1.79,1.82,3.13,3.22,5.36,11.21,28.54,1,1,5.0,0,32,2021,False,False,True,False,False,False,False,False,False,False,False
2021,1,2021-01-01,16.47,13.62,20.57,16.66,11.85,10.52,12.5,11.08,2021,1,38737379.48,1192888.11,37544491.37,21688948.63,15855542.74,2358724.24,13496818.5,7606156.57,31131222.9,42492010.49,12085727.76,0.0,0.0,30406282.73,4672612.93,13264907.99,2831167.19,10433417.96,2021,1,54.87,1.36,0.91,4.4,11.5,0.52,1.86,1.64,2.88,2.74,5.01,11.25,28.3,1,1,53.0,4,1,2021,False,False,False,True,False,False,False,False,False,False,False
2020,12,2020-12-01,15.75,13.25,19.56,16.17,11.37,10.31,11.83,10.85,2020,12,38904920.08,1076044.22,37828875.85,8973305.05,15838395.8,2495608.06,13342787.74,7337626.6,29931615.03,41383172.98,11492711.32,0.0,0.0,29890461.67,3718973.6,13107924.87,2908462.4,10194626.79,2020,12,50.33,1.42,0.97,1.25,11.5,0.03,2.04,1.64,2.74,2.65,5.99,11.35,28.31,1,4,49.0,1,336,2020,False,True,False,False,False,False,False,False,False,False,False
2020,11,2020-11-01,14.89,12.92,18.3,15.75,11.05,10.14,11.6,10.69,2020,11,36958454.16,440658.36,36517795.8,21698784.95,14819010.85,2256485.32,12562525.53,8181174.23,28777279.93,40194156.06,10782279.08,0.0,0.0,29411876.98,4205454.62,15309548.19,2659710.45,12649837.74,2020,11,42.7,1.54,1.09,1.75,11.5,0.03,1.84,1.92,2.9,2.84,4.89,11.6,28.85,1,4,44.0,6,306,2020,False,False,False,False,False,False,False,False,True,False,False
2020,10,2020-10-01,14.23,12.66,17.38,15.42,11.14,9.96,11.71,10.52,2020,10,36218203.68,489019.29,35729184.39,21535340.33,14193844.06,2099452.75,12094391.31,7846437.55,28371766.13,39537142.13,10449164.26,0.0,0.0,29087977.87,3937600.89,14745573.1,2498977.64,12246595.46,2020,10,39.74,1.61,1.16,0.0,11.5,0.86,1.87,2.24,3.52,2.72,4.99,11.31,28.36,1,4,40.0,3,275,2020,False,False,False,False,False,False,False,False,False,True,False
2020,9,2020-09-01,13.71,12.44,16.66,15.13,10.58,9.77,11.16,10.33,2020,9,35995011.24,1029563.57,34965447.66,21409775.33,13555672.34,2018486.07,11537186.27,7579035.48,28415975.76,39429671.22,9683889.71,0.0,0.0,29745781.51,3894630.9,13576878.07,2427329.31,11149548.76,2020,9,40.85,1.54,1.09,2.0,11.5,1.1,2.41,2.49,3.7,3.74,5.37,11.55,28.45,1,3,36.0,1,245,2020,False,False,False,False,False,False,False,False,False,False,True
2020,8,2020-08-01,13.22,12.23,16.0,14.87,10.52,9.64,11.07,10.18,2020,8,36118143.68,1855555.19,34262588.49,21129112.9,13133475.59,1971463.56,11162012.03,8672873.0,27445270.68,38792303.9,8410276.49,0.0,0.0,30382027.42,4188245.31,13692387.33,2370886.01,11321501.32,2020,8,45.06,1.65,1.2,5.74,12.5,1.17,3.78,2.97,4.05,4.41,4.89,11.76,29.51,1,3,31.0,5,214,2020,True,False,False,False,False,False,False,False,False,False,False
2020,7,2020-07-01,12.82,12.05,15.48,14.63,10.1,9.48,10.64,10.03,2020,7,36813447.86,3476121.04,33337326.82,20561724.33,12775602.49,2026478.87,10749123.62,8087752.41,28725695.46,39849571.53,9661188.09,0.0,0.0,30188383.44,3996612.31,13421827.07,2395917.03,11025910.04,2020,7,44.1,1.65,1.2,6.25,12.5,1.3,3.78,3.02,4.31,4.83,5.89,12.1,28.42,1,3,27.0,2,183,2020,False,False,False,False,True,False,False,False,False,False,False
2020,6,2020-06-01,12.56,11.9,15.18,14.46,10.13,9.37,10.57,9.93,2020,6,35767994.47,3174471.97,32593522.49,20212154.81,12381367.68,1868286.18,10513081.51,8360081.23,27407913.24,38453939.57,8898424.84,0.0,0.0,29555514.73,4228048.84,13245386.03,2300831.63,10944554.39,2020,6,40.3,1.69,1.24,5.75,12.5,1.94,3.78,3.33,4.7,4.98,7.12,15.65,30.57,1,2,23.0,0,153,2020,False,False,False,False,False,True,False,False,False,False,False
2020,5,2020-05-01,12.4,11.79,15.04,14.33,10.12,9.27,10.7,9.81,2020,5,35949843.8,3230681.12,32719162.68,20165858.66,12553304.03,1975181.9,10578122.12,8063241.22,27886602.58,38913828.54,9564579.49,0.0,0.0,29349249.05,4366537.42,12968506.55,2353337.05,10615169.49,2020,5,27.9,1.75,1.3,5.22,12.5,2.47,3.83,4.9,5.67,5.91,7.63,14.73,30.69,1,2,18.0,4,122,2020,False,False,False,False,False,False,False,True,False,False,False
2020,4,2020-04-01,12.34,11.71,15.03,14.22,9.98,9.17,10.57,9.72,2020,4,35875663.63,3917178.78,31958484.85,20298614.38,11659870.47,1902609.05,9757261.42,6877350.46,28998313.17,39603928.78,10710050.78,0.0,0.0,28893877.99,4003471.96,12258511.1,2307392.55,9951118.55,2020,4,14.28,2.04,1.59,7.33,13.5,1.91,3.69,4.97,5.99,6.28,7.68,14.92,30.73,1,2,14.0,2,92,2020,False,False,False,False,False,False,False,False,False,False,False
2020,3,2020-03-01,12.26,11.62,14.98,14.11,9.73,9.11,10.22,9.66,2020,3,35776635.5,4766513.44,31010122.07,19903120.23,11107001.84,1890837.23,9216164.6,7593219.69,28183415.81,38431948.11,10009034.68,0.0,0.0,28422913.43,3999287.82,10154245.31,2296174.39,7858070.92,2020,3,32.29,2.04,1.59,10.29,13.5,2.39,3.89,5.04,6.15,6.84,8.61,14.71,30.48,1,1,9.0,6,61,2020,False,False,False,False,False,False,True,False,False,False,False
2020,2,2020-02-01,12.2,11.54,14.9,13.98,9.43,9.09,9.95,9.66,2020,2,33949618.7,4230254.16,29719364.53,19321592.28,10397772.25,1785788.13,8611984.11,6099989.97,27849628.73,37132194.11,10352073.72,0.0,0.0,26780120.39,3503989.37,9639077.57,2186983.4,7452094.17,2020,2,58.45,2.07,1.62,8.91,13.5,3.0,3.89,5.09,6.17,7.08,8.02,15.04,30.63,1,1,5.0,5,32,2020,False,False,True,False,False,False,False,False,False,False,False
2020,1,2020-01-01,12.13,11.46,14.85,13.86,9.35,9.11,9.81,9.7,2020,1,34128187.61,4995807.25,29132380.36,18807815.44,10324564.92,1857170.7,8467394.22,7147122.74,26981064.87,36297245.03,9645254.92,0.0,0.0,26651990.11,3935376.66,8399818.99,2249769.69,6150049.3,2020,1,66.68,2.07,1.62,5.74,13.5,3.45,3.89,5.01,5.85,7.07,8.01,14.97,30.77,1,1,1.0,2,1,2020,False,False,False,True,False,False,False,False,False,False,False
2019,12,2019-12-01,11.98,11.4,14.67,13.74,9.33,9.15,9.95,9.76,2019,12,34776379.74,5993185.3,28783194.45,18250062.01,10533132.42,2022635.29,8510497.13,5804374.76,28972004.98,36178344.82,9483817.98,0.0,0.0,26694526.84,1799059.26,8669829.58,2442985.64,6226843.93,2019,12,68.56,1.96,1.51,3.64,13.5,4.47,3.89,5.57,6.55,7.48,9.03,14.99,30.72,1,4,48.0,6,335,2019,False,True,False,False,False,False,False,False,False,False,False
2019,11,2019-11-01,11.85,11.35,14.48,13.65,8.99,9.19,9.48,9.8,2019,11,36478128.57,8062756.58,28415371.99,17484799.42,10930572.57,1799096.96,9131475.61,14194603.8,22283524.77,35513084.66,9100341.79,11385706.36,-2285364.57,26412742.87,-13229559.89,7353364.01,2203274.21,4832968.37,2019,11,63.56,1.94,1.49,6.0,13.5,6.73,3.31,7.8,8.59,9.88,9.73,14.91,29.4,1,4,44.0,4,305,2019,False,False,False,False,False,False,False,False,True,False,False
2019,10,2019-10-01,11.61,11.3,14.09,13.54,8.88,9.25,9.45,9.88,2019,10,35450018.61,7638227.77,27811790.84,17194370.7,10617420.14,1697177.33,8920242.81,14733833.13,20716185.48,34937934.2,9089561.72,11288585.87,-2199024.16,25848372.48,-14221748.72,7447923.38,2055946.55,5074855.4,2019,10,59.1,2.05,1.6,6.37,13.5,10.03,3.93,8.06,8.7,9.95,9.73,15.07,30.56,1,4,40.0,1,274,2019,False,False,False,False,False,False,False,False,False,True,False
2019,9,2019-09-01,11.24,11.27,13.51,13.47,8.94,9.34,9.43,9.97,2019,9,35044314.08,7374356.91,27669957.17,16549157.64,11120799.53,1623865.88,9496933.66,13911335.83,21132978.25,35938328.72,10451819.6,11007043.01,-555223.41,25486509.12,-14805350.47,7000253.07,2005600.83,4677530.81,2019,9,65.27,2.07,1.62,11.42,13.5,11.1,3.2,8.22,8.96,10.31,9.97,15.15,31.43,1,3,35.0,6,244,2019,False,False,False,False,False,False,False,False,False,False,True
2019,8,2019-08-01,11.02,11.27,13.17,13.46,8.68,9.41,9.22,10.05,2019,8,35215543.3,7658744.42,27556798.88,16326402.55,11230396.33,1653915.06,9576481.27,15702066.4,19513476.89,34273009.9,9453781.5,11133128.32,-1679346.82,24819228.41,-14759533.01,6977837.11,2018840.38,4641875.31,2019,8,61.05,2.09,1.64,8.0,13.5,10.89,3.93,8.3,8.93,10.19,9.82,15.4,31.04,1,3,31.0,3,213,2019,True,False,False,False,False,False,False,False,False,False,False
2019,7,2019-07-01,11.08,11.29,13.39,13.46,8.8,9.52,9.42,10.17,2019,7,35684144.8,7407003.03,28277141.77,16828755.05,11448386.72,1610544.39,9837842.33,17663300.59,18020844.21,33433375.77,9143121.76,10974788.78,-1831667.03,24290254.02,-15412531.56,7479100.71,2003090.93,5158888.35,2019,7,66.24,2.11,1.66,6.52,13.5,9.92,3.93,8.16,8.85,10.37,10.18,15.46,31.07,1,3,27.0,0,182,2019,False,False,False,False,True,False,False,False,False,False,False
2019,6,2019-06-01,11.22,11.3,13.56,13.42,8.84,9.64,9.35,10.29,2019,6,34904051.77,7005223.5,27898828.27,16737577.93,11161250.34,1650867.68,9510382.66,18471241.48,16432810.29,32341481.45,7583241.82,10435252.08,-2852010.26,24758239.63,-15908671.16,8088459.46,2014073.95,5729582.09,2019,6,66.74,2.09,1.64,6.88,13.5,9.93,3.93,8.81,9.1,10.84,10.57,15.8,31.04,1,2,22.0,5,152,2019,False,False,False,False,False,True,False,False,False,False,False
2019,5,2019-05-01,11.4,11.3,13.79,13.37,9.03,9.77,9.64,10.44,2019,5,34886171.27,7072469.66,27813701.61,16429694.42,11384007.19,1705673.25,9678333.94,19100003.89,15786167.38,32194612.34,7312173.99,10013126.64,-2700952.65,24882438.34,-16408444.96,8154878.54,2111848.42,5698226.7,2019,5,73.65,1.94,1.49,7.31,13.5,10.0,3.9,8.83,9.12,10.32,10.42,15.33,31.07,1,2,18.0,2,121,2019,False,False,False,False,False,False,False,True,False,False,False
2019,4,2019-04-01,11.37,11.31,13.7,13.34,9.28,9.91,9.94,10.61,2019,4,34738786.48,7159341.33,27579445.15,16323242.88,11256202.28,1717133.53,9539068.74,17324334.13,17414452.35,32891837.79,8003857.7,9439958.23,-1436100.54,24887980.09,-15477385.44,7948251.34,2158698.81,5444749.12,2019,4,73.08,1.94,1.49,13.98,13.5,10.24,3.91,8.63,9.15,10.36,10.7,18.23,30.89,1,2,14.0,0,91,2019,False,False,False,False,False,False,False,False,False,False,False
2019,3,2019-03-01,11.25,11.4,13.45,13.42,9.46,10.04,10.24,10.75,2019,3,33831073.76,6996258.64,26834815.12,15890938.7,10943876.42,1780611.44,9163264.98,16816802.47,17014271.29,31736895.75,7742158.55,8846438.62,-1104280.08,23994737.21,-14722624.46,7246275.17,2153220.11,4748251.64,2019,3,67.67,2.02,1.57,10.8,13.5,10.42,3.97,9.15,9.48,10.09,10.23,14.92,30.83,1,1,9.0,4,60,2019,False,False,False,False,False,False,True,False,False,False,False
2019,2,2019-02-01,11.31,11.56,13.47,13.62,9.8,10.19,10.53,10.88,2019,2,32860412.99,6313773.28,26546639.71,15516522.24,11030117.47,1840518.75,9189598.72,17023154.96,15837258.03,30520863.14,6355285.12,8715699.88,-2360414.77,24165578.02,-14683605.1,7166894.51,2241313.48,4580777.61,2019,2,64.89,1.99,1.54,16.71,14.0,10.91,4.07,9.05,9.68,10.34,10.74,16.08,30.56,1,1,5.0,4,32,2019,False,False,True,False,False,False,False,False,False,False,False
2019,1,2019-01-01,11.37,11.8,13.51,13.93,9.9,10.34,10.62,11.02,2019,1,33727792.36,6956705.31,26771087.05,15629072.56,11142014.49,1740194.77,9401819.72,17814232.98,15913559.38,28652344.4,5705553.55,8205949.53,-2500395.98,22946790.85,-12738785.02,7488235.71,2139666.39,5003765.9,2019,1,60.39,1.95,1.5,12.14,14.0,10.98,4.07,9.0,9.69,10.65,10.66,16.01,30.48,1,1,1.0,1,1,2019,False,False,False,True,False,False,False,False,False,False,False
2018,12,2018-12-01,11.44,12.1,13.56,14.35,9.8,10.51,10.43,11.19,2018,12,33359248.54,6290673.48,27068575.06,15316017.08,11752557.98,1912975.63,9839582.35,18397816.89,14961431.64,27574319.41,4866094.44,8006625.38,-3140530.94,22708224.97,-12612887.76,7135729.29,2329706.58,4461219.3,2018,12,62.0,1.9,1.45,22.68,14.0,0.0,4.07,8.99,9.5,10.49,10.33,16.17,30.52,1,4,48.0,5,335,2018,False,True,False,False,False,False,False,False,False,False,False
2018,11,2018-11-01,11.28,12.41,13.3,14.8,9.79,10.7,10.44,11.37,2018,11,31859474.03,6392048.48,25467425.55,14779216.89,10688208.65,1712092.85,8976115.81,18990400.78,12869073.24,26075984.1,2980818.93,7125390.36,-4144571.43,23095165.17,-13206910.86,6811192.37,2100129.91,4366259.05,2018,11,66.59,1.8,1.35,7.17,14.0,10.91,4.07,8.84,9.41,10.11,10.43,16.64,30.8,1,4,44.0,3,305,2018,False,False,False,False,False,False,False,False,True,False,False
2018,10,2018-10-01,11.26,12.78,13.28,15.36,9.88,10.9,10.49,11.56,2018,10,32026500.03,5984596.17,26041903.87,14800512.49,11241391.38,1601690.67,9639700.7,18770212.88,13256287.15,26894678.47,3756182.62,7262280.61,-3506098.0,23138495.84,-13638391.32,7328423.46,1956009.42,5027610.63,2018,10,79.18,2.01,1.56,14.18,14.0,10.94,4.07,8.71,9.47,10.15,10.46,16.53,30.67,1,4,40.0,0,274,2018,False,False,False,False,False,False,False,False,False,True,False
2018,9,2018-09-01,11.28,13.16,13.31,15.92,9.84,11.09,10.48,11.74,2018,9,30851051.87,5290389.54,25560662.33,14802977.19,10757685.14,1601885.75,9155799.39,18815935.55,12035116.32,26408425.68,3440986.85,7053020.64,-3612033.79,22967438.83,-14373309.36,6802557.09,1926382.16,4531371.51,2018,9,79.59,1.96,1.51,4.57,14.0,11.0,4.07,8.79,9.44,9.76,10.08,16.59,30.77,1,3,35.0,5,244,2018,False,False,False,False,False,False,False,False,False,False,True
2018,8,2018-08-01,11.23,13.55,13.16,16.5,10.02,11.28,10.62,11.93,2018,8,29704814.88,4845468.41,24859346.47,14411189.64,10448156.83,1541554.75,8906602.08,18411932.13,11292882.75,24691470.05,2221228.26,6832258.46,-4611030.2,22470241.79,-13398587.3,6688519.34,1928744.27,4414971.65,2018,8,73.35,2.0,1.55,2.45,14.0,10.64,4.07,8.77,9.51,9.84,9.95,16.65,30.93,1,3,31.0,2,213,2018,True,False,False,False,False,False,False,False,False,False,False
2018,7,2018-07-01,11.14,13.95,12.85,17.1,10.18,11.48,10.81,12.11,2018,7,29513533.33,4542431.4,24971101.93,14303099.86,10668002.07,1468302.07,9199700.0,17784894.58,11728638.76,25497325.35,3236115.48,6478687.38,-3242571.9,22261209.87,-13768686.59,6622663.38,1824826.08,4453033.88,2018,7,74.72,1.83,1.38,2.86,14.0,10.0,4.07,9.61,9.45,10.02,10.26,16.83,31.09,1,3,26.0,6,182,2018,False,False,False,False,True,False,False,False,False,False,False
2018,6,2018-06-01,11.23,14.37,12.98,17.75,10.39,11.65,11.19,12.25,2018,6,29343829.54,4529825.03,24814004.52,14112894.51,10701110.0,1519902.32,9181207.68,18337532.47,11006297.08,25086874.73,2805008.21,6549350.73,-3744342.53,22281866.53,-14080577.65,6360468.37,1900671.87,4115025.96,2018,6,75.38,1.78,1.33,5.0,14.0,10.11,4.07,8.88,9.38,10.15,10.05,16.78,31.17,1,2,22.0,4,152,2018,False,False,False,False,False,True,False,False,False,False,False
2018,5,2018-05-01,11.61,14.79,13.45,18.36,10.71,11.83,11.6,12.32,2018,5,29875540.94,4706526.75,25169014.19,13942701.1,11226313.09,1577522.02,9648791.07,18297137.72,11578403.22,25235877.12,3029133.21,6389020.08,-3359886.87,22206743.91,-13657473.9,6767652.1,1930695.53,4492186.03,2018,5,77.64,1.78,1.33,25.43,14.0,10.0,4.07,8.9,9.97,10.62,9.96,17.08,31.29,1,2,18.0,1,121,2018,False,False,False,False,False,False,False,True,False,False,False
2018,4,2018-04-01,12.48,15.2,14.8,18.89,10.92,12.02,11.64,12.38,2018,4,29055250.29,4581096.29,24474153.99,13850005.88,10624148.11,1599176.1,9024972.01,15862412.24,13192838.04,27262815.6,4986326.81,6232356.42,-1246029.61,22276488.79,-14069977.56,6532696.43,1957219.31,4230706.58,2018,4,72.37,1.97,1.52,3.1,14.0,11.43,4.07,8.78,9.89,10.71,10.03,17.24,31.56,1,2,13.0,6,91,2018,False,False,False,False,False,False,False,False,False,False,False
2018,3,2018-03-01,13.34,15.6,16.08,19.29,11.18,12.33,11.85,12.55,2018,3,29112009.95,4687587.81,24424422.14,13390445.76,11033976.38,1668378.21,9365598.17,16316847.92,12795162.03,26440662.05,4077433.87,6141049.97,-2063616.1,22363228.18,-13645500.02,6755736.4,2039324.37,4371641.49,2018,3,74.72,1.94,1.49,15.16,14.0,11.84,4.07,8.82,9.72,10.93,10.21,17.35,31.55,1,1,9.0,3,60,2018,False,False,False,False,False,False,True,False,False,False,False
2018,2,2018-02-01,14.33,15.93,17.59,19.52,11.71,12.67,12.34,12.69,2018,2,29653115.46,5510105.18,24143010.28,13288230.52,10854779.76,1570981.99,9283797.77,15032430.46,14620685.0,27097901.65,4596990.16,6149102.33,-1552112.17,22500911.48,-12477216.65,6454075.7,1937337.46,4171967.7,2018,2,66.67,2.01,1.56,26.19,14.0,11.88,4.07,8.9,10.05,11.3,10.67,17.53,31.4,1,1,5.0,3,32,2018,False,False,True,False,False,False,False,False,False,False,False
2018,1,2018-01-01,15.13,16.22,18.92,19.62,12.09,13.01,12.68,12.82,2018,1,28207927.43,4244895.95,23963031.48,13051971.95,10911059.53,1587947.98,9323111.54,15591517.9,12616409.53,25964493.11,3971062.07,6009706.41,-2038644.34,21993431.04,-13348083.58,6067258.36,1945444.2,3777043.63,2018,1,69.68,2.0,1.55,15.58,14.0,12.27,4.07,9.09,10.63,11.72,11.24,17.5,31.39,1,1,1.0,0,1,2018,False,False,False,True,False,False,False,False,False,False,False
2017,12,2017-12-01,15.37,16.5,19.42,19.55,12.09,13.46,12.6,12.97,2017,12,28669584.6,4528950.39,24140634.21,12965060.24,11175573.96,1782664.58,9392909.39,15520760.99,13148823.61,25929552.0,3638893.69,6211583.05,-2572689.36,22290658.31,-12780728.39,6484296.32,2157229.65,3982296.12,2017,12,65.11,1.96,1.51,9.49,14.0,0.0,4.08,9.09,9.61,11.14,10.93,17.71,30.99,1,4,48.0,4,335,2017,False,True,False,False,False,False,False,False,False,False,False
2017,11,2017-11-01,15.9,16.76,20.31,19.39,12.21,13.93,12.75,13.13,2017,11,30343739.6,8032621.59,22311118.02,12196067.71,10115050.31,1553533.07,8561517.24,13297567.14,17046172.47,26349068.54,4392408.33,7620193.14,-3227784.8,21956660.2,-9302896.07,5675343.67,1896156.51,3429416.61,2017,11,63.56,1.96,1.51,18.78,14.0,13.01,4.08,9.12,9.84,11.05,10.71,17.77,30.95,1,4,44.0,2,305,2017,False,False,False,False,False,False,False,False,True,False,False
2017,10,2017-10-01,15.91,16.97,20.31,19.14,12.14,14.41,12.72,13.3,2017,10,30890764.53,8390146.52,22500618.01,12107555.52,10393062.49,1463773.54,8929288.95,12397103.9,18493660.63,27174805.81,5245888.6,7635144.66,-2389256.06,21928917.21,-8681145.18,5762463.07,1791194.52,3621498.01,2017,10,58.46,1.95,1.5,43.78,14.0,13.18,4.08,9.15,10.09,11.5,10.8,17.86,31.39,1,4,39.0,6,274,2017,False,False,False,False,False,False,False,False,False,True,False
2017,9,2017-09-01,15.98,17.17,20.32,18.88,12.12,14.9,12.72,13.45,2017,9,29845247.36,7891253.52,21953993.84,11889745.65,10064248.19,1435328.19,8628920.0,10050494.65,19794752.72,26985305.21,4963406.02,7490403.97,-2526997.95,22021899.19,-7190552.49,5559792.16,1781046.41,3428942.34,2017,9,56.79,1.93,1.48,20.44,14.0,13.2,4.08,9.11,10.26,11.46,11.7,17.88,31.39,1,3,35.0,4,244,2017,False,False,False,False,False,False,False,False,False,False,True
2017,8,2017-08-01,16.01,17.33,20.25,18.57,12.3,15.37,12.7,13.57,2017,8,29493945.01,7642490.7,21851454.31,11960641.22,9890813.1,1523239.91,8367573.19,9732990.89,19760954.12,26821446.81,4824226.22,7834536.74,-3010310.52,21997220.59,-7060492.69,5486804.65,1868735.07,3268266.17,2017,8,51.64,1.99,1.54,22.63,14.0,13.35,4.08,8.86,10.14,11.51,11.4,17.69,31.2,1,3,31.0,1,213,2017,True,False,False,False,False,False,False,False,False,False,False
2017,7,2017-07-01,16.05,17.47,20.28,18.25,12.21,15.8,12.35,13.68,2017,7,29489598.98,7294579.22,22195019.77,11874338.03,10320681.74,1442158.61,8878523.14,8743688.09,20745910.9,28033384.6,5861018.0,7562425.09,-1701407.08,22172366.6,-7287473.71,5565225.9,1769750.47,3445672.02,2017,7,49.01,2.01,1.56,12.28,14.0,13.46,4.08,8.85,9.71,11.24,10.27,17.65,30.94,1,3,26.0,5,182,2017,False,False,False,False,True,False,False,False,False,False,False
2017,6,2017-06-01,16.1,17.58,19.91,17.87,12.46,16.22,12.02,13.79,2017,6,28319278.95,6338696.6,21980582.35,11790391.44,10190190.92,1477147.44,8713043.48,8468080.62,19851198.34,27236433.6,5250486.41,7295028.32,-2044541.91,21985947.18,-7385235.26,5480210.61,1873544.0,3256863.2,2017,6,47.42,1.95,1.5,13.46,14.0,13.5,4.08,8.65,9.01,10.68,11.15,17.59,30.94,1,2,22.0,3,152,2017,False,False,False,False,False,True,False,False,False,False,False
2017,5,2017-05-01,16.25,17.63,19.27,17.48,13.02,16.57,12.2,13.91,2017,5,28039317.59,5991546.92,22047770.68,11790439.26,10257331.42,1520624.47,8736706.95,8540084.49,19499233.11,26836772.47,4811650.01,6870456.31,-2058806.3,22025122.45,-7337539.36,5501726.82,1897917.15,3254006.25,2017,5,50.57,1.87,1.42,21.29,14.0,13.5,4.08,8.73,9.41,10.57,11.33,17.58,30.75,1,2,18.0,0,121,2017,False,False,False,False,False,False,False,True,False,False,False
2017,4,2017-04-01,17.24,17.59,19.3,17.11,14.75,16.77,13.74,13.94,2017,4,27617212.88,5848971.76,21768241.12,11952561.64,9815679.49,1606576.52,8209102.97,7269852.64,20347360.25,27514336.86,5270202.59,6863997.98,-1593795.38,22244134.26,-7166976.61,5862023.02,1975812.32,3536407.29,2017,4,52.94,1.79,1.34,64.58,14.0,13.58,4.24,8.87,9.46,10.64,10.38,17.44,30.31,1,2,13.0,5,91,2017,False,False,False,False,False,False,False,False,False,False,False
2017,3,2017-03-01,17.26,17.32,18.44,16.6,15.4,16.68,13.58,13.71,2017,3,27971090.01,5666822.17,22304267.84,12069736.25,10234531.59,1661015.33,8573516.26,7628543.46,20342546.55,27675371.94,5303542.02,6533018.62,-1229476.59,22371829.92,-7332825.39,5643384.01,1983633.07,3309947.53,2017,3,52.13,1.6,1.15,13.11,14.0,13.6,4.23,8.58,9.11,10.56,10.57,17.43,30.18,1,1,9.0,2,60,2017,False,False,False,False,False,False,True,False,False,False,False
2017,2,2017-02-01,17.78,16.96,18.53,16.13,16.01,16.44,13.97,13.44,2017,2,27724040.1,5513085.26,22210954.84,12153000.34,10057954.5,1612071.59,8445882.91,7977399.24,19746640.86,27209343.43,4977649.78,6534102.46,-1556452.67,22231693.64,-7462702.57,5558451.16,1978886.94,3234760.81,2017,2,46.39,1.82,1.37,27.46,14.0,13.75,4.22,8.24,9.13,10.4,10.37,17.13,29.26,1,1,5.0,2,32,2017,False,False,True,False,False,False,False,False,False,False,False
2017,1,2017-01-01,18.72,16.44,17.82,15.54,17.87,16.04,14.54,13.08,2017,1,28478649.51,5382122.96,23096526.55,12113228.02,10983298.53,1631014.74,9352283.79,9473002.48,19005647.02,26508030.42,4629967.24,6411045.68,-1781078.44,21878063.18,-7502383.4,5650990.48,1994577.62,3311609.44,2017,1,55.01,1.84,1.39,8.15,14.0,13.95,4.22,8.58,8.88,10.31,10.77,16.91,28.88,1,1,52.0,6,1,2017,False,False,False,True,False,False,False,False,False,False,False
2016,12,2016-12-01,18.55,15.7,17.39,14.95,18.05,15.31,14.7,12.59,2016,12,28501887.38,4910154.8,23591732.58,12320225.75,11271506.82,1820415.9,9451090.92,9149659.29,19352228.09,26857719.34,4875570.3,6930205.46,-2054635.16,21982149.04,-7505491.25,5847916.84,2179174.28,3323939.15,2016,12,53.48,1.58,1.13,10.39,14.0,13.97,4.18,8.53,8.8,10.23,10.76,17.09,28.55,1,4,48.0,3,336,2016,False,True,False,False,False,False,False,False,False,False,False
2016,11,2016-11-01,18.48,14.96,17.19,14.39,18.24,14.54,14.87,12.07,2016,11,27071771.48,4685723.05,22386048.43,11953373.71,10432674.72,1587050.61,8845624.11,7996938.19,19074833.28,26695865.72,3579216.77,5983895.0,-2404678.23,23116648.95,-7621032.43,5357858.56,1907863.84,3110191.3,2016,11,45.25,1.92,1.47,15.21,14.0,13.99,4.28,8.48,8.63,9.63,10.14,17.06,28.53,1,4,44.0,1,306,2016,False,False,False,False,False,False,False,False,True,False,False
2016,10,2016-10-01,18.33,14.21,17.09,13.82,18.07,13.76,14.58,11.54,2016,10,26406619.99,4226547.69,22180072.3,12251895.85,9928176.45,1521797.77,8406378.68,7621243.68,18785376.31,26700723.5,3520265.44,6058148.7,-2537883.26,23180458.06,-7915347.19,5202080.99,1825664.51,3036613.06,2016,10,50.94,1.78,1.33,36.42,14.0,13.96,4.08,8.26,8.25,8.27,6.25,17.1,27.69,1,4,39.0,5,275,2016,False,False,False,False,False,False,False,False,False,True,False
2016,9,2016-09-01,17.85,13.45,16.62,13.24,17.67,12.98,14.12,11.04,2016,9,26001460.42,3987679.53,22013780.89,12184092.85,9829688.04,1477436.25,8352251.78,7742283.63,18259176.79,26254660.96,3514975.12,5982434.66,-2467459.54,22739685.84,-7995484.17,5197108.16,1794287.84,3063016.9,2016,9,47.43,1.75,1.3,14.5,14.0,14.0,4.05,7.5,7.68,7.47,5.75,17.09,27.49,1,3,35.0,3,245,2016,False,False,False,False,False,False,False,False,False,False,True
2016,8,2016-08-01,17.61,12.74,16.43,12.7,17.21,12.25,13.88,10.59,2016,8,25754285.16,3697284.21,22057000.95,12521427.88,9535573.07,1369515.48,8166057.59,7350806.41,18403478.75,26356276.28,3550157.12,5858573.89,-2308416.77,22806119.16,-7952797.52,5215450.81,1679477.28,3196170.11,2016,8,46.15,1.5,1.05,24.25,14.0,14.93,3.93,7.61,8.0,8.36,5.22,17.18,27.21,1,3,31.0,0,214,2016,True,False,False,False,False,False,False,False,False,False,False
2016,7,2016-07-01,17.13,12.04,15.8,12.16,16.93,11.55,13.63,10.17,2016,7,24619061.84,2083869.08,22535192.76,12951256.73,9583936.03,1374099.78,8209836.25,7563877.17,17055184.67,25424599.11,3004853.09,5237429.02,-2232575.93,22419746.02,-8369414.44,5270612.89,1664658.29,3266151.19,2016,7,45.25,1.65,1.2,31.51,14.0,12.34,3.89,7.29,7.44,7.8,5.09,17.14,27.06,1,3,26.0,4,183,2016,False,False,False,False,True,False,False,False,False,False,False
2016,6,2016-06-01,16.48,11.37,15.3,11.67,16.22,10.86,13.32,9.75,2016,6,24013562.17,1935548.71,22078013.46,12559032.07,9518981.39,1379045.17,8139936.23,7105663.47,16907898.7,24623626.7,3171443.45,5281575.98,-2110132.53,21452183.25,-7715728.0,5371863.68,1684583.12,3347477.14,2016,6,48.46,1.77,1.32,35.26,12.0,8.32,3.61,6.62,6.92,6.59,5.17,16.78,26.93,1,2,22.0,2,153,2016,False,False,False,False,False,True,False,False,False,False,False
2016,5,2016-05-01,15.58,10.75,14.86,11.22,15.05,10.2,12.3,9.32,2016,5,23048707.28,2013574.91,21035132.36,11330042.03,9705090.34,1393665.94,8311424.4,5206749.9,17841957.37,23070907.8,4031554.4,5334571.49,-1303017.09,19039353.4,-5228950.42,5496708.45,1746717.85,3410187.18,2016,5,47.01,1.68,1.23,7.67,12.0,8.04,3.57,6.53,6.96,6.37,5.38,16.13,26.73,1,2,17.0,6,122,2016,False,False,False,False,False,False,False,True,False,False,False
2016,4,2016-04-01,13.72,10.18,13.19,10.79,13.35,9.61,10.79,8.98,2016,4,22802211.73,2074302.26,20727909.47,11591841.01,9136068.46,1444375.23,7691693.23,5045947.93,17756263.8,23312346.17,3932580.4,5162041.9,-1229461.5,19379765.77,-5556082.37,5587673.34,1763533.17,3484336.76,2016,4,41.59,1.99,1.54,3.75,12.0,7.27,3.54,6.32,6.83,5.63,5.27,16.77,26.88,1,2,13.0,4,92,2016,False,False,False,False,False,False,False,False,False,False,False
2016,3,2016-03-01,12.77,9.75,12.74,10.47,12.17,9.13,10.31,8.72,2016,3,22409704.65,1939268.65,20470436.0,11429618.32,9040817.68,1441365.03,7599452.65,5551714.27,16857990.38,22664815.74,3781378.71,4990047.09,-1208668.38,18883437.04,-5806825.37,5760440.64,1811090.48,3609546.75,2016,3,37.76,1.92,1.47,4.32,12.0,5.53,3.26,7.01,6.9,5.97,5.29,16.82,26.93,1,1,9.0,1,61,2016,False,False,False,False,False,False,True,False,False,False,False
2016,2,2016-02-01,11.38,9.39,11.35,10.18,11.04,8.73,9.48,8.48,2016,2,22523894.51,1903091.43,20620803.08,11554089.9,9066713.19,1377480.38,7689232.81,5471351.91,17052542.6,22568685.71,3516381.23,4899956.16,-1383574.93,19052304.48,-5516143.11,5097186.8,1711623.51,3043259.88,2016,2,31.7,2.11,1.66,2.67,11.0,4.91,3.29,6.92,6.79,5.91,5.22,16.72,26.73,1,1,5.0,0,32,2016,False,False,True,False,False,False,False,False,False,False,False
2016,1,2016-01-01,9.62,9.13,10.64,10.02,8.84,8.39,8.53,8.28,2016,1,21672927.94,1873470.4,19799457.54,11548684.23,8250773.31,1378027.66,6872745.65,5392609.33,16280318.61,22358143.32,3417394.76,4814481.41,-1397086.65,18940748.56,-6077824.71,5751089.78,1725128.38,3683657.98,2016,1,30.66,2.15,1.7,2.04,11.0,4.12,3.29,6.87,6.74,5.98,5.12,16.54,26.77,1,1,53.0,4,1,2016,False,False,False,True,False,False,False,False,False,False,False
2015,12,2015-12-01,9.55,9.01,10.59,9.9,8.73,8.22,8.44,8.16,2015,12,21718860.28,1689029.17,20029831.12,11458129.82,8571701.3,1456096.85,7115604.46,5653320.37,16065539.91,21612452.09,2891946.66,4473982.44,-1582035.78,18720505.43,-5546912.18,5812744.35,1857941.79,3954802.55,2015,12,37.8,2.08,1.63,0.77,11.0,4.57,3.33,7.11,6.91,5.78,4.88,16.96,26.84,1,4,49.0,1,335,2015,False,True,False,False,False,False,False,False,False,False,False
2015,11,2015-11-01,9.37,8.88,10.32,9.78,8.73,8.02,8.49,7.98,2015,11,20079940.89,1712702.36,18367238.54,11386741.79,6980496.75,1260671.36,5719825.39,5287243.46,14792697.44,20470803.46,1762749.37,4117205.78,-2354456.41,18708054.09,-5678106.03,5639628.98,1633210.0,4006418.98,2015,11,44.82,2.18,1.73,0.84,11.0,5.62,3.47,6.94,6.49,5.66,4.8,16.98,27.02,1,4,44.0,6,305,2015,False,False,False,False,False,False,False,False,True,False,False
2015,10,2015-10-01,9.3,8.76,10.13,9.68,8.74,7.81,8.57,7.8,2015,10,20240450.31,2036054.52,18204395.78,11514749.91,6689645.87,1202026.88,5487619.0,4622150.37,15618299.93,21348605.01,2260614.98,3633795.8,-1373180.81,19087990.03,-5730305.07,5546543.52,1560385.57,3986157.96,2015,10,48.86,2.21,1.76,3.22,13.0,9.11,3.71,8.5,9.14,9.11,7.72,16.84,27.01,1,4,40.0,3,274,2015,False,False,False,False,False,False,False,False,False,True,False
2015,9,2015-09-01,9.4,8.7,10.2,9.6,8.9,7.6,8.7,7.6,2015,9,21330232.78,2612229.67,18718003.11,11569410.44,7148592.67,1218953.1,5929639.57,5083121.11,16247111.67,21519790.11,2786333.52,4223071.65,-1436738.13,18733456.59,-5272678.44,5788272.31,1637495.61,4150776.7,2015,9,48.08,2.22,1.77,8.12,13.0,10.36,3.72,9.08,10.61,10.89,11.21,17.02,26.99,1,3,36.0,1,244,2015,False,False,False,False,False,False,False,False,False,False,True
2015,8,2015-08-01,9.3,8.6,10.1,9.6,9.0,7.4,8.8,7.4,2015,8,21435591.43,2944019.48,18491571.96,11521980.43,6969591.52,1146928.16,5822663.36,5498140.65,15937450.78,21393011.53,2760460.28,4080019.61,-1319559.33,18632551.25,-5455560.74,5895617.74,1544559.65,4351058.09,2015,8,47.09,2.12,1.67,33.26,13.0,10.0,3.63,8.92,10.32,10.85,11.21,17.29,27.01,1,3,31.0,5,213,2015,True,False,False,False,False,False,False,False,False,False,False
2015,7,2015-07-01,9.2,8.5,10.0,9.6,8.8,7.2,8.7,7.2,2015,7,21519139.56,3094436.48,18424703.08,11953645.89,6471057.2,1184538.98,5286518.21,5687055.54,15832084.02,21542547.27,2875906.72,4287772.98,-1411866.26,18666640.56,-5710463.25,5931397.44,1574525.32,4356872.12,2015,7,57.01,2.18,1.73,7.79,13.0,10.0,3.63,8.93,10.26,10.79,11.43,17.3,27.03,1,3,27.0,2,182,2015,False,False,False,False,True,False,False,False,False,False,False
2015,6,2015-06-01,9.2,8.4,10.0,9.5,8.4,7.0,8.4,7.1,2015,6,21677195.44,2865766.04,18811429.4,12269037.2,6542392.2,1183988.38,5358403.82,5951452.9,15725742.54,21409774.2,2511101.09,4132606.05,-1621504.95,18898673.11,-5684031.66,5945762.09,1562346.08,4383416.01,2015,6,62.06,1.97,1.52,10.85,13.0,9.95,3.6,9.02,10.27,10.81,10.83,17.24,26.84,1,2,23.0,0,152,2015,False,False,False,False,False,True,False,False,False,False,False
2015,5,2015-05-01,9.0,8.3,9.8,9.5,8.3,7.0,8.3,7.1,2015,5,21857987.92,2661422.78,19196565.14,12524328.27,6672236.87,1315061.21,5357175.66,6286200.65,15571787.27,21042266.92,2363590.67,4029558.35,-1665967.68,18678676.25,-5470479.65,6163325.53,1671335.16,4491990.36,2015,5,65.08,2.05,1.6,10.43,13.0,10.03,3.6,8.79,8.93,8.56,7.18,16.08,26.43,1,2,18.0,4,121,2015,False,False,False,False,False,False,False,True,False,False,False
2015,4,2015-04-01,8.7,8.2,9.5,9.5,7.7,6.9,7.7,7.1,2015,4,21864570.84,2256491.98,19608078.85,12422840.15,7185238.71,1188953.65,5996285.06,6075908.35,15788662.48,19990580.1,1590233.23,2839468.57,-1249235.34,18400346.87,-4201917.61,5342751.3,1569240.7,3773510.6,2015,4,57.45,2.03,1.58,24.24,13.0,10.23,3.6,8.74,8.65,8.26,6.48,15.95,26.41,1,2,14.0,2,91,2015,False,False,False,False,False,False,False,False,False,False,False
2015,3,2015-03-01,8.5,8.2,9.4,9.5,7.5,6.9,7.5,7.1,2015,3,21714442.06,2582078.76,19132363.3,12148439.91,6983923.39,1471129.47,5512793.91,6787822.21,14926619.84,20635772.0,1985433.66,3637854.05,-1652420.4,18650338.34,-5709152.15,5907178.23,1818420.42,4088757.81,2015,3,56.69,2.07,1.62,12.59,13.0,10.77,3.76,8.42,9.02,9.88,9.52,16.9,26.61,1,1,9.0,6,60,2015,False,False,False,False,False,False,True,False,False,False,False
2015,2,2015-02-01,8.4,8.1,9.4,9.5,7.0,6.9,7.1,7.1,2015,2,21400032.11,2534109.77,18865922.34,12141331.77,6724590.58,1302042.17,5422548.41,6786027.32,14614004.78,20485155.87,1732411.48,3377695.14,-1645283.66,18752744.39,-5871151.08,5675431.79,1622701.06,4052730.73,2015,2,58.09,2.21,1.76,23.5,13.0,10.88,3.47,8.47,9.54,9.46,9.37,16.77,26.33,1,1,5.0,6,32,2015,False,False,True,False,False,False,False,False,False,False,False
2015,1,2015-01-01,8.2,8.1,9.2,9.5,6.8,6.9,7.1,7.1,2015,1,21674973.34,2709439.84,18965533.5,11856488.21,7109045.29,1395391.85,5713653.45,6284060.65,15390912.69,20148715.36,1973084.7,3613324.72,-1640240.01,18175630.65,-4757802.66,5443529.29,1661692.84,3781836.45,2015,1,48.81,2.2,1.75,10.21,13.0,11.2,3.48,8.61,9.64,9.74,9.51,16.86,25.97,1,1,1.0,3,1,2015,False,False,False,True,False,False,False,False,False,False,False
2014,12,2014-12-01,8.0,8.0,9.2,9.5,6.2,6.9,6.3,7.2,2014,12,21246341.43,2333312.45,18913028.98,12008237.57,6904791.41,1437397.09,5467394.32,6954214.77,14292126.66,19273756.71,1147707.24,3169119.88,-2021412.64,18126049.46,-4981630.05,5930945.96,1797978.87,4132967.09,2014,12,63.28,2.23,1.78,24.3,13.0,10.8,3.46,8.58,9.48,9.77,9.51,15.88,25.91,1,4,49.0,0,335,2014,False,True,False,False,False,False,False,False,False,False,False
2014,11,2014-11-01,7.9,8.0,9.1,9.5,6.3,7.0,6.3,7.3,2014,11,21646682.2,2842402.26,18804279.94,11720158.45,7084121.49,1319192.86,5764928.62,6966102.42,14680579.78,19017135.96,942124.71,3116383.71,-2174259.01,18075011.25,-4336556.18,5130223.3,1577889.36,3552333.95,2014,11,80.42,2.18,1.73,8.98,13.0,9.82,3.43,8.56,9.7,9.79,9.46,16.47,25.74,1,4,44.0,5,305,2014,False,False,False,False,False,False,False,False,True,False,False
2014,10,2014-10-01,8.1,8.0,9.3,9.5,6.3,7.1,6.3,7.4,2014,10,21402085.91,2905888.02,18496197.88,11235161.61,7261036.27,1263309.86,5997726.41,6805704.96,14596380.94,18692283.93,902223.72,2997026.22,-2094802.5,17790060.21,-4095902.99,5144971.51,1533609.48,3611362.03,2014,10,83.5,2.21,1.76,10.98,12.0,9.83,3.43,8.52,9.33,9.5,9.23,16.48,25.75,1,4,40.0,2,274,2014,False,False,False,False,False,False,False,False,False,True,False
2014,9,2014-09-01,8.3,8.0,9.7,9.5,6.3,7.2,6.2,7.6,2014,9,21497755.01,3297598.33,18200156.68,10847579.84,7352576.84,1299481.66,6053095.19,7578783.54,13918971.47,17968357.81,274278.55,2447145.01,-2172866.46,17694079.26,-4049386.34,4943049.28,1547922.93,3395126.35,2014,9,98.27,2.1,1.65,10.73,12.0,9.75,3.43,8.41,9.31,9.48,9.31,16.44,25.77,1,3,36.0,0,244,2014,False,False,False,False,False,False,False,False,False,False,True
2014,8,2014-08-01,8.5,8.0,10.0,9.5,6.3,7.3,6.6,7.7,2014,8,21117724.23,3218821.76,17898902.47,10838882.63,7060019.84,1254603.91,5805415.93,7538588.09,13579136.14,17581836.62,173965.83,2338476.65,-2164510.82,17407870.79,-4002700.48,4791799.15,1501114.64,3290684.51,2014,8,102.33,2.2,1.75,11.91,12.0,9.95,3.24,8.09,8.54,8.7,7.47,16.6,25.07,1,3,31.0,4,213,2014,True,False,False,False,False,False,False,False,False,False,False
2014,7,2014-07-01,8.3,8.0,9.9,9.5,7.1,7.4,7.1,7.7,2014,7,21290280.49,3188037.66,18102242.84,10883326.42,7218916.42,1282794.86,5936121.56,7950033.06,13340247.44,17403322.76,169214.44,2488484.65,-2319270.21,17234108.32,-4063075.33,4833288.2,1567795.42,3265492.77,2014,7,109.63,2.06,1.61,10.5,12.0,9.88,3.41,8.4,9.35,9.47,9.11,16.44,26.07,1,3,27.0,1,182,2014,False,False,False,False,True,False,False,False,False,False,False
2014,6,2014-06-01,8.2,8.0,9.8,9.5,8.1,7.4,9.0,7.6,2014,6,20602992.5,3026352.21,17576640.3,10480203.25,7096437.05,1211563.93,5884873.12,7673096.58,12929895.93,16689493.7,-238488.87,2092823.5,-2331312.37,16927982.57,-3759597.77,4786356.02,1496742.06,3289613.96,2014,6,114.6,2.16,1.71,10.5,12.0,9.98,3.42,8.46,9.3,9.52,9.19,16.5,26.07,1,2,22.0,6,152,2014,False,False,False,False,False,True,False,False,False,False,False
2014,5,2014-05-01,8.0,8.0,9.7,9.4,7.7,7.2,8.6,7.2,2014,5,20136339.09,2513780.7,17622558.39,10273877.48,7348680.91,1254613.79,6094067.12,6671522.71,13464816.38,17432171.9,734152.81,2224841.55,-1490688.74,16698019.09,-3967355.52,5123110.28,1517240.24,3605870.04,2014,5,111.9,2.33,1.88,10.63,12.0,10.13,3.41,8.27,9.42,9.76,9.29,16.5,25.76,1,2,18.0,3,121,2014,False,False,False,False,False,False,False,True,False,False,False
2014,4,2014-04-01,7.9,8.1,9.4,9.4,7.5,7.0,7.6,6.9,2014,4,20474854.57,2588206.74,17886647.83,10209540.0,7677107.83,1282947.43,6394160.41,6731897.97,13742956.6,17889792.44,1176186.91,2424202.5,-1248015.59,16713605.54,-4146835.84,5342756.63,1569240.7,3773515.93,2014,4,110.41,2.22,1.77,10.5,12.0,11.26,3.42,8.19,9.38,10.07,9.69,16.7,25.63,1,2,14.0,1,91,2014,False,False,False,False,False,False,False,False,False,False,False
2014,3,2014-03-01,7.8,8.2,9.3,9.5,6.8,7.0,6.7,6.7,2014,3,20573700.65,2840782.1,17732918.56,10115009.04,7617909.51,1285836.46,6332073.05,6609079.43,13964621.22,18100749.54,1648444.65,2531953.15,-883508.5,16452304.89,-4136128.32,4665783.45,1573957.6,3091825.85,2014,3,109.47,2.21,1.76,10.5,12.0,11.92,3.38,8.3,9.47,10.14,9.3,16.69,25.8,1,1,9.0,5,60,2014,False,False,False,False,False,False,True,False,False,False,False
2014,2,2014-02-01,7.7,8.3,9.2,9.5,7.2,7.0,8.0,6.6,2014,2,18100670.89,2676495.71,15424175.17,8684771.42,6739403.75,1257922.74,5481481.02,6725386.92,11375283.97,15681565.85,-712493.7,83157.37,-795651.07,16394059.55,-4306281.87,4732370.92,1557627.71,3174743.2,2014,2,110.83,2.28,1.83,10.5,12.0,11.82,3.26,8.41,9.48,9.6,9.3,16.93,25.83,1,1,5.0,5,32,2014,False,False,True,False,False,False,False,False,False,False,False
2014,1,2014-01-01,8.0,8.4,9.3,9.6,6.6,7.3,7.4,6.7,2014,1,18600766.79,3107077.29,15493689.5,8711673.35,6782016.15,1332886.42,5449129.73,7404957.45,11195809.34,15585742.76,-478512.55,184144.96,-662657.51,16064255.31,-4389933.42,4921167.94,1588076.3,3333091.64,2014,1,110.19,2.29,1.84,10.0,12.0,10.81,3.27,8.21,9.29,9.4,9.04,16.95,25.52,1,1,1.0,2,1,2014,False,False,False,True,False,False,False,False,False,False,False
2013,12,2013-12-01,8.0,8.5,9.3,9.7,7.9,7.7,8.0,6.8,2013,12,18997049.97,3308086.42,15688963.55,8656124.8,7032838.75,1446660.4,5586178.35,8658649.73,10338400.23,14535204.72,-1656265.28,174406.66,-1830671.94,16191470.0,-4196804.49,5090244.76,1776413.12,3313831.64,2013,12,112.75,2.11,1.66,10.75,12.0,10.97,2.53,7.78,7.96,7.44,5.02,17.01,24.9,1,4,48.0,6,335,2013,False,True,False,False,False,False,False,False,False,False,False
2013,11,2013-11-01,7.9,8.8,9.3,9.8,7.8,8.1,7.8,7.1,2013,11,18017323.95,3282441.15,14734882.8,8356843.98,6378038.83,1298533.8,5079505.03,8680868.48,9336455.47,14092904.4,-2358883.29,-452992.79,-1905890.5,16451787.69,-4756448.93,4463085.48,1571034.8,2892050.68,2013,11,111.14,2.09,1.64,11.22,12.0,10.8,2.53,8.06,8.26,8.12,6.51,17.17,25.0,1,4,44.0,4,305,2013,False,False,False,False,False,False,False,False,True,False,False
2013,10,2013-10-01,7.8,9.2,9.2,10.0,7.6,8.6,7.6,7.5,2013,10,17659906.65,3130398.65,14529508.0,8069502.82,6460005.18,1249515.16,5210490.02,8897056.81,8762849.84,13627297.31,-2649138.72,-699412.14,-1949726.58,16276436.03,-4864447.47,4511510.83,1549536.22,2961974.61,2013,10,112.29,2.23,1.78,11.08,12.0,10.8,2.39,7.72,7.54,7.32,4.71,17.1,24.9,1,4,40.0,1,274,2013,False,False,False,False,False,False,False,False,False,True,False
2013,9,2013-09-01,8.0,9.5,9.4,10.1,7.4,8.9,7.3,7.8,2013,9,17194456.18,2832005.11,14362451.07,8068974.34,6293476.73,1168176.7,5125300.03,8923526.48,8270929.7,13087907.24,-3191362.4,-1132368.89,-2058993.51,16279269.64,-4816977.55,4649991.76,1474048.92,3175942.85,2013,9,113.59,2.29,1.84,16.88,12.0,10.91,2.43,7.61,7.41,6.9,4.58,16.76,25.11,1,3,35.0,6,244,2013,False,False,False,False,False,False,False,False,False,False,True
2013,8,2013-08-01,8.2,9.8,9.7,10.2,7.2,9.4,6.7,8.2,2013,8,17556349.38,2936900.14,14619449.23,8349106.98,6270342.25,1152577.36,5117764.89,8993507.62,8562841.76,13187679.95,-2913532.85,-943920.05,-1969612.81,16101212.81,-4624838.19,4227605.62,1443338.14,2784267.48,2013,8,107.84,2.29,1.84,15.24,12.0,11.3,2.45,7.62,8.04,7.37,4.88,16.55,24.46,1,3,31.0,3,213,2013,True,False,False,False,False,False,False,False,False,False,False
2013,7,2013-07-01,8.7,10.0,10.0,10.2,6.6,10.0,6.3,8.7,2013,7,18084913.27,3273483.47,14811429.8,8288876.88,6522552.92,1141568.91,5380984.01,8907700.09,9177213.19,13820873.48,-1975740.91,-55461.88,-1920279.03,15796614.39,-4643660.29,3873945.44,1457282.93,2416662.52,2013,7,109.78,2.2,1.75,10.63,12.0,11.56,2.42,7.82,7.8,7.34,5.8,16.47,24.62,1,3,27.0,0,182,2013,False,False,False,False,True,False,False,False,False,False,False
2013,6,2013-06-01,8.4,10.4,9.6,10.4,5.5,10.7,4.4,9.3,2013,6,17777776.16,2184603.65,15593172.51,8653623.3,6939549.21,1127804.88,5811744.33,9164430.15,8613346.01,13149382.49,-2542654.43,11665.09,-2554319.53,15692036.93,-4536036.48,3236152.86,1425507.77,1810645.09,2013,6,106.06,2.03,1.58,11.59,12.0,11.6,2.04,7.58,7.49,7.07,5.32,16.56,24.58,1,2,22.0,5,152,2013,False,False,False,False,False,True,False,False,False,False,False
2013,5,2013-05-01,9.0,10.8,9.3,10.5,6.2,11.5,4.1,10.1,2013,5,17802957.44,2378904.82,15424052.62,8679498.09,6744554.53,1160609.9,5583944.64,9404620.55,8398336.88,13235702.52,-2249527.38,-151655.32,-2097872.06,15485229.91,-4837365.64,3432056.76,1457653.74,1974403.02,2013,5,106.0,2.06,1.61,12.23,12.0,10.64,2.25,7.76,7.74,7.17,5.26,16.66,24.57,1,2,18.0,2,121,2013,False,False,False,False,False,False,False,True,False,False,False
2013,4,2013-04-01,9.1,11.1,10.0,10.8,6.9,12.3,5.6,11.0,2013,4,17792411.6,2158029.55,15634382.05,8858204.63,6776177.42,1185309.97,5590867.45,9557830.12,8234581.48,13205410.88,-2202764.55,41686.15,-2244450.69,15408175.43,-4970829.4,3435630.99,1470133.64,1965497.34,2013,4,105.55,2.24,1.79,10.71,12.0,10.41,1.82,7.82,7.94,7.15,6.49,16.65,24.53,1,2,14.0,0,91,2013,False,False,False,False,False,False,False,False,False,False,False
2013,3,2013-03-01,8.6,11.4,9.5,11.0,7.2,13.0,6.3,11.7,2013,3,17446172.27,1777003.12,15669169.15,8730636.66,6938532.49,1242634.18,5695898.32,9685875.14,7760297.13,12740967.85,-2520968.24,61448.49,-2582416.74,15261936.09,-4980670.72,3911466.2,1508513.31,2402952.89,2013,3,112.79,2.2,1.75,10.39,12.0,10.17,1.77,7.95,7.99,7.43,6.09,16.61,24.49,1,1,9.0,4,60,2013,False,False,False,False,False,False,True,False,False,False,False
2013,2,2013-02-01,9.5,11.7,11.0,11.2,11.2,13.7,8.58,12.44,2013,2,17314500.26,1766875.54,15547624.71,8633225.34,6914399.38,1163721.52,5750677.86,9752647.02,7561853.23,12808673.4,-2276494.72,619645.62,-2896140.35,15085168.13,-5246820.17,3763368.43,1437459.95,2325908.48,2013,2,118.81,2.23,1.78,11.98,12.0,9.9,1.72,8.09,8.3,7.76,5.67,16.56,24.6,1,1,5.0,4,32,2013,False,False,True,False,False,False,False,False,False,False,False
2013,1,2013-01-01,9.0,11.9,10.1,11.1,11.3,13.7,8.59,12.75,2013,1,16671561.17,1363168.36,15308392.82,8229646.86,7078745.96,1155720.07,5923025.89,9271711.54,7399849.63,12489950.84,-2502762.38,387506.23,-2890268.61,14992713.22,-5090101.21,3401482.91,1457179.98,1944302.93,2013,1,115.24,2.23,1.78,11.67,12.0,11.17,1.69,8.43,8.87,8.56,6.09,16.57,24.54,1,1,1.0,1,1,2013,False,False,False,True,False,False,False,False,False,False,False
2012,12,2012-12-01,12.0,12.2,10.2,11.3,13.7,13.9,12.9,13.3,2012,12,16488122.84,1004275.3,15483847.53,8062901.35,7420946.19,1301160.63,6119785.55,9043678.68,7444444.15,12698205.05,-2453557.09,483014.69,-2936571.78,15151762.15,-5253760.9,3704483.55,1631717.16,2072766.4,2012,12,114.49,2.21,1.76,11.88,12.0,11.77,1.66,8.15,9.15,10.87,10.63,16.54,24.61,1,4,48.0,5,336,2012,False,True,False,False,False,False,False,False,False,False,False
2012,11,2012-11-01,12.3,12.1,11.6,11.4,13.1,13.6,12.3,13.0,2012,11,17046001.19,1983271.22,15062729.97,8182085.68,6880644.29,1140598.43,5740045.86,8732276.44,8313724.75,13827813.6,-1424740.38,1876226.5,-3300966.89,15252553.99,-5514088.85,2980135.44,1430962.37,1549173.08,2012,11,111.05,2.03,1.58,11.86,12.0,12.6,1.65,8.4,8.94,8.39,6.17,16.51,24.7,1,4,44.0,3,306,2012,False,False,False,False,False,False,False,False,True,False,False
2012,10,2012-10-01,11.7,11.9,11.1,11.2,12.4,13.5,11.4,12.9,2012,10,16293437.96,1894138.79,14399299.17,7857199.14,6542100.03,1153552.68,5388547.36,8763203.12,7530234.85,13093616.61,-1847500.9,1807115.39,-3658062.99,14941117.52,-5563381.77,3041155.66,1458211.89,1582943.77,2012,10,108.92,2.19,1.74,11.42,12.0,12.94,1.76,7.95,8.72,8.11,6.21,16.48,24.65,1,4,40.0,0,275,2012,False,False,False,False,False,False,False,False,False,True,False
2012,9,2012-09-01,11.3,11.9,10.2,11.1,13.1,13.5,12.2,12.9,2012,9,15149629.67,1084362.53,14065267.13,7672812.26,6392454.87,1070172.62,5322282.25,8301526.97,6848102.69,12886595.34,-1867404.16,834488.05,-3095017.17,14753999.51,-6038492.65,3117810.58,1348838.34,1768972.24,2012,9,114.36,2.45,2.0,13.5,12.0,12.75,1.78,7.93,8.79,8.23,6.77,16.37,24.67,1,3,35.0,5,245,2012,False,False,False,False,False,False,False,False,False,False,True
2012,8,2012-08-01,11.7,11.8,9.9,11.1,14.7,13.3,13.2,12.7,2012,8,14735901.41,965839.15,13770062.26,7525703.89,6244358.37,1080799.99,5163558.38,8069447.59,6666453.82,12725514.07,-1982468.02,854632.97,-3134148.81,14707982.09,-6059060.25,3070377.66,1368236.75,1702140.91,2012,8,113.76,2.48,2.03,17.81,12.0,14.26,1.77,8.04,8.34,8.07,6.85,16.53,23.76,1,3,31.0,2,214,2012,True,False,False,False,False,False,False,False,False,False,False
2012,7,2012-07-01,12.8,11.6,12.1,11.0,15.0,13.0,13.8,12.4,2012,7,14714495.01,1322068.63,13392426.38,6988638.82,6403787.56,1076822.24,5326965.32,7815868.96,6898626.05,12846189.5,-1999193.85,1337884.48,-3347621.51,14845383.35,-5947563.45,2954633.66,1362604.36,1592029.29,2012,7,104.62,2.42,1.97,15.19,12.0,13.86,1.78,7.1,8.57,7.54,6.62,16.96,23.45,1,3,26.0,6,183,2012,False,False,False,False,True,False,False,False,False,False,False
2012,6,2012-06-01,12.9,11.3,12.0,10.6,15.2,12.7,13.7,12.1,2012,6,15048371.94,1567980.68,13480391.26,6883664.88,6596726.38,1088325.98,5508400.4,7522255.04,7528785.06,13019453.66,-1681604.73,1411043.5,-3092648.24,14701058.4,-5490668.61,2511975.29,1363730.71,1148244.59,2012,6,98.06,2.37,1.92,14.92,12.0,14.08,1.7,7.46,7.8,8.08,7.51,16.93,23.44,1,2,22.0,4,153,2012,False,False,False,False,False,True,False,False,False,False,False
2012,5,2012-05-01,12.7,11.1,12.9,10.4,14.9,12.4,14.5,11.8,2012,5,15286304.59,1683165.25,13603139.34,7068635.77,6534503.57,1121583.41,5412920.16,7984810.5,7301494.09,12609078.29,-1863509.94,1386251.83,-3249761.77,14472588.23,-5307584.2,2506691.84,1398955.5,1107736.34,2012,5,113.08,2.4,1.95,13.8,12.0,13.34,1.66,7.38,8.58,6.79,7.01,16.98,23.44,1,2,18.0,1,122,2012,False,False,False,False,False,False,False,True,False,False,False
2012,4,2012-04-01,12.9,11.1,11.2,10.3,14.7,12.2,14.3,11.6,2012,4,15109126.08,1804342.27,13304783.81,6635959.38,6668824.43,1111098.33,5557726.1,7692058.54,7417067.54,12936330.09,-1256292.68,1726267.53,-2982560.21,14192622.77,-5519262.56,2589534.35,1422438.72,1167095.62,2012,4,122.62,2.3,1.85,14.23,12.0,13.92,1.72,7.13,8.15,7.39,7.15,16.9,23.31,1,2,13.0,6,92,2012,False,False,False,False,False,False,False,False,False,False,False
2012,3,2012-03-01,12.1,10.9,11.8,10.3,15.0,12.1,14.47,11.38,2012,3,15161252.27,1890278.46,13270973.81,6748033.43,6522940.37,1141350.39,5381589.99,7306723.1,7854529.17,13264928.94,-854957.14,2009222.25,-2864179.39,14119886.08,-5410399.78,2527604.31,1432834.61,1094769.7,2012,3,128.0,2.34,1.89,14.13,12.0,14.49,1.61,7.52,8.25,7.45,7.95,17.28,23.21,1,1,9.0,3,61,2012,False,False,False,False,False,False,True,False,False,False,False
2012,2,2012-02-01,11.9,11.0,9.7,10.3,11.9,11.9,12.03,11.18,2012,2,14452845.58,1299058.09,13153787.49,6733184.44,6420603.05,1081680.93,5338922.12,7234596.54,7218249.04,12849847.5,-1160964.87,1997110.9,-3158075.77,14010812.38,-5631598.46,2759956.28,1438616.76,1321339.51,2012,2,121.87,2.4,1.95,14.35,12.0,14.76,1.43,6.98,7.96,6.83,6.63,17.11,23.13,1,1,5.0,2,32,2012,False,False,True,False,False,False,False,False,False,False,False
2012,1,2012-01-01,12.6,10.9,13.1,10.5,12.7,11.8,14.3,11.01,2012,1,14686830.99,931537.77,13755293.22,6928387.83,6826905.39,1093734.03,5733171.36,7413617.17,7273213.82,13162285.95,-1479265.09,1748615.39,-3227880.48,14641551.03,-5889072.12,2689361.74,1476068.83,1213292.91,2012,1,113.81,2.23,1.78,14.19,12.0,14.85,1.39,6.46,7.62,6.62,6.58,16.92,23.08,1,1,52.0,6,1,2012,False,False,False,True,False,False,False,False,False,False,False
2011,12,2011-12-01,10.3,10.8,11.0,10.3,10.8,11.7,9.9,10.7,2011,12,14306778.31,1003283.81,13303494.5,6531913.01,6771581.49,1245135.35,5526446.14,7138672.78,7168105.53,13152869.08,-1030722.73,2205392.84,-3236115.57,14183591.82,-5984763.55,2784065.43,1566046.44,1218018.99,2011,12,111.46,2.27,1.82,15.5,12.0,14.27,1.41,6.58,6.8,5.63,7.12,16.75,23.21,1,4,48.0,3,335,2011,False,True,False,False,False,False,False,False,False,False,False
2011,11,2011-11-01,10.5,11.0,9.6,10.4,11.5,11.7,11.0,10.7,2011,11,13163269.45,952857.08,12210412.37,6437190.41,5773221.95,1069397.15,4703824.81,6623233.6,6540035.85,10847558.18,-1555333.37,1480900.89,-3036234.26,12402891.55,-4307522.33,2342193.14,1390961.08,951232.06,2011,11,113.92,2.32,1.87,15.58,12.0,14.53,1.4,6.52,7.41,5.69,5.28,16.82,23.35,1,4,44.0,1,305,2011,False,False,False,False,False,False,False,False,True,False,False
2011,10,2011-10-01,10.5,11.1,9.7,10.8,11.5,11.7,11.7,11.7,2011,10,12710578.05,538077.97,12172500.07,6374301.7,5798198.38,1037603.52,4760594.86,6724513.83,5986064.21,9769718.16,-1868707.18,1880084.09,-3748791.27,11638425.34,-3783653.95,2365592.76,1358967.97,1006624.79,2011,10,113.12,2.36,1.91,13.07,12.0,15.0,1.41,6.31,7.06,5.66,4.9,16.49,23.32,1,4,39.0,5,274,2011,False,False,False,False,False,False,False,False,False,True,False
2011,9,2011-09-01,10.3,11.4,9.5,11.2,11.6,11.9,9.9,10.9,2011,9,13052461.84,434381.51,12618080.33,6615820.2,6002260.13,1011756.22,4990503.92,6669766.05,6382695.79,9894881.01,-1215856.0,1802759.77,-3018615.77,11110737.01,-3512185.22,1908239.37,1342358.03,565881.34,2011,9,115.73,2.32,1.87,9.37,9.25,8.92,1.46,4.71,5.49,4.79,4.47,15.87,22.09,1,3,35.0,3,244,2011,False,False,False,False,False,False,False,False,False,False,True
2011,8,2011-08-01,9.3,11.6,8.7,11.6,10.9,12.0,9.7,11.2,2011,8,12817401.81,309386.82,12508014.99,6636783.27,5871231.72,1061092.08,4810139.64,6976366.33,5841035.48,9689881.44,-1194344.95,1583135.65,-2777480.6,10884226.39,-3848845.95,1842515.11,1380266.48,462248.63,2011,8,111.99,2.41,1.96,8.59,8.75,7.41,1.46,4.67,5.43,4.7,4.48,15.82,22.27,1,3,31.0,0,213,2011,True,False,False,False,False,False,False,False,False,False,False
2011,7,2011-07-01,9.4,12.0,7.9,12.1,11.5,12.1,10.2,11.5,2011,7,12466786.12,77511.28,12389274.84,6520956.78,5868318.06,1040301.63,4828016.43,7506030.43,4960755.68,7920555.81,-2031258.6,1210727.5,-3241986.09,9951814.4,-2959800.12,2169931.58,1344152.29,825779.29,2011,7,117.86,2.34,1.89,8.85,8.75,7.08,1.42,4.8,5.21,4.58,4.39,15.84,22.42,1,3,26.0,4,182,2011,False,False,False,False,True,False,False,False,False,False,False
2011,6,2011-06-01,10.2,12.3,9.2,12.7,11.5,12.1,10.3,11.5,2011,6,12172096.71,0.0,12172096.71,6534832.17,5637264.54,1016449.92,4620814.62,6453690.26,5718406.45,8695736.7,-1262213.19,1422618.67,-2684831.86,9957949.88,-2977330.25,2065056.34,1353982.61,711073.73,2011,6,117.03,2.34,1.89,11.15,8.0,8.2,1.4,4.52,5.14,5.26,4.68,15.76,22.02,1,2,22.0,2,152,2011,False,False,False,False,False,True,False,False,False,False,False
2011,5,2011-05-01,12.4,12.6,12.2,13.2,13.0,12.2,11.7,11.7,2011,5,11986234.87,0.0,11986234.87,6435147.42,5551087.44,1055213.67,4495873.78,6357085.65,5629149.22,8758459.82,-1090788.89,1455438.37,-2546227.26,9849248.71,-3129310.6,1750908.77,1401790.42,349118.35,2011,5,118.43,2.5,2.05,9.75,8.0,8.63,1.41,4.39,5.43,4.95,4.12,15.81,22.11,1,2,17.0,6,121,2011,False,False,False,False,False,False,False,True,False,False,False
2011,4,2011-04-01,11.3,12.7,11.6,13.2,12.9,12.1,12.2,11.7,2011,4,11898956.66,0.0,11898956.66,6282334.36,5616622.3,1141065.57,4475556.72,6274531.7,5624424.96,8904956.99,-995077.17,1590371.19,-2585448.36,9900034.16,-3280532.03,1696236.6,1492278.87,203957.73,2011,4,124.49,2.42,1.97,10.8,7.5,9.52,1.43,4.43,5.53,4.49,3.87,15.75,22.19,1,2,13.0,4,91,2011,False,False,False,False,False,False,False,False,False,False,False
2011,3,2011-03-01,12.8,13.0,12.2,13.6,12.8,12.1,12.3,11.6,2011,3,11739991.26,86367.45,11653623.81,6229106.61,5424517.2,1112684.15,4311833.05,6988078.1,4751913.16,7996427.28,-1450519.04,1910850.79,-3361369.83,9446946.32,-3244514.12,1705916.44,1416379.04,289537.4,2011,3,116.56,2.29,1.84,9.33,7.5,8.27,1.41,4.21,5.38,4.46,4.25,15.81,22.02,1,1,9.0,1,60,2011,False,False,False,False,False,False,True,False,False,False,False
2011,2,2011-02-01,11.1,13.2,12.2,13.9,10.6,12.1,10.0,11.6,2011,2,11643528.65,47860.34,11595668.3,6206538.59,5389129.71,1024650.79,4364478.92,6725495.02,4918033.63,8311078.5,-867211.05,2026151.32,-2893362.37,9178289.55,-3393044.88,1820891.35,1336807.39,484083.96,2011,2,106.57,2.51,2.06,8.38,6.5,7.09,1.48,3.83,4.6,4.33,3.73,15.75,21.88,1,1,5.0,1,32,2011,False,False,True,False,False,False,False,False,False,False,False
2011,1,2011-01-01,12.1,13.5,10.3,14.2,12.1,12.4,10.1,11.9,2011,1,11719038.11,157512.16,11561525.95,5994451.09,5567074.86,1033447.93,4533626.93,6400551.35,5318486.76,8580840.01,-835866.88,1856586.67,-2692453.55,9416706.89,-3262353.26,1694893.64,1340435.04,354458.6,2011,1,97.96,2.49,2.04,6.13,6.5,7.49,1.51,3.86,5.02,3.98,4.39,15.73,21.75,1,1,52.0,5,1,2011,False,False,False,True,False,False,False,False,False,False,False
2010,12,2010-12-01,11.8,13.7,12.7,14.7,10.9,12.4,10.4,12.0,2010,12,11525530.34,0.0,11525530.34,5954260.45,5571269.89,1082295.07,4488974.82,6506618.59,5018911.76,8498646.42,-1331697.66,1412726.01,-2744423.67,9830344.08,-3479734.66,1845714.52,1378134.43,467580.09,2010,12,92.79,2.58,2.13,8.03,6.25,7.47,1.51,3.66,4.63,3.5,3.53,15.74,21.86,1,4,48.0,2,335,2010,False,True,False,False,False,False,False,False,False,False,False
2010,11,2010-11-01,12.8,13.9,14.4,15.0,11.7,12.4,11.3,12.1,2010,11,11142651.36,0.0,11142651.36,5868409.21,5274242.15,892330.1,4381912.05,6327100.32,4815551.03,9326056.75,-1422322.59,1051442.98,-2473765.57,10748379.34,-4510505.72,1450823.47,1227639.1,223184.36,2010,11,86.71,2.5,2.05,8.79,6.25,7.58,1.48,3.69,5.08,4.16,3.8,16.11,21.84,1,4,44.0,0,305,2010,False,False,False,False,False,False,False,False,True,False,False
2010,10,2010-10-01,13.4,13.9,14.1,14.9,13.2,12.3,13.0,12.0,2010,10,11224607.28,0.0,11224607.28,5891857.48,5332749.8,874894.07,4457855.73,6247755.87,4976851.41,9315228.34,-1219137.51,998764.62,-2217902.13,10534365.85,-4338376.93,1438353.3,1153171.25,285182.05,2010,10,84.42,2.88,2.43,8.5,6.25,6.75,1.48,3.6,4.32,4.0,3.97,16.16,21.85,1,4,39.0,4,274,2010,False,False,False,False,False,False,False,False,False,True,False
2010,9,2010-09-01,13.6,13.8,14.6,14.9,12.8,12.0,13.4,11.8,2010,9,11224789.77,0.0,11224789.77,5968898.97,5255890.8,880864.17,4375026.63,6453963.97,4770825.8,9012118.49,-1323996.29,823202.37,-2147198.66,10336114.78,-4241292.69,1344324.61,1125394.92,218929.69,2010,9,79.45,2.48,2.03,2.71,6.25,6.6,1.49,3.58,5.16,4.4,3.68,16.66,22.2,1,3,35.0,2,244,2010,False,False,False,False,False,False,False,False,False,False,True
2010,8,2010-08-01,13.7,13.5,15.1,14.7,12.4,11.5,13.0,11.4,2010,8,11520644.68,0.0,11520644.68,6098142.41,5422502.27,822229.61,4600272.66,6526918.14,4993726.54,9160304.97,-952896.42,1307453.15,-2260349.56,10113201.39,-4166578.43,1752945.76,1094707.85,658237.91,2010,8,78.67,2.5,2.05,1.26,6.0,2.63,1.41,3.49,4.13,5.27,4.93,16.89,22.31,1,3,30.0,6,213,2010,True,False,False,False,False,False,False,False,False,False,False
2010,7,2010-07-01,13.0,13.3,14.0,14.5,11.3,11.2,10.6,11.1,2010,7,10941435.3,0.0,10941435.3,5983085.61,4958349.69,805680.2,4152669.49,6583044.61,4358390.69,8343791.55,-1566914.03,977627.56,-2544541.58,9910705.58,-3985400.86,1658882.16,1076922.08,581960.08,2010,7,77.18,2.48,2.03,3.59,6.0,2.94,1.62,3.68,4.5,5.74,4.93,17.4,22.27,1,3,26.0,3,182,2010,False,False,False,False,True,False,False,False,False,False,False
2010,6,2010-06-01,14.1,13.1,15.1,14.4,12.7,10.9,12.42,11.24,2010,6,10887993.74,42495.65,10845498.1,5927508.17,4917989.92,795412.07,4122577.85,6484759.01,4403234.73,8516895.63,-1585921.87,886294.27,-2472216.14,10102817.5,-4113660.9,1535112.35,1063633.0,471479.35,2010,6,75.79,2.21,1.76,2.73,6.0,2.29,1.95,4.51,4.98,4.85,4.9,17.65,22.03,1,2,22.0,1,152,2010,False,False,False,False,False,True,False,False,False,False,False
2010,5,2010-05-01,12.9,12.9,13.0,14.3,11.7,10.6,11.64,10.98,2010,5,10759314.65,0.0,10759314.65,5741044.63,5018270.02,817431.62,4200838.4,6601413.41,4157901.24,8561185.71,-1465783.35,1129281.79,-2595065.14,10026969.06,-4403284.47,1534788.53,1056748.38,478040.16,2010,5,77.54,2.41,1.96,4.94,6.0,1.63,2.92,5.86,6.22,5.31,6.31,18.77,22.56,1,2,17.0,5,121,2010,False,False,False,False,False,False,False,True,False,False,False
2010,4,2010-04-01,15.0,12.9,16.3,14.5,12.8,10.4,11.69,11.04,2010,4,10972487.61,0.0,10972487.61,5929198.92,5043288.69,831289.93,4211998.76,7008858.6,3963629.01,8165066.44,-1914158.76,840704.81,-2754863.57,10079225.2,-4201437.43,1516546.61,1072606.34,443940.27,2010,4,85.29,2.41,1.96,1.27,6.0,1.2,2.94,6.37,7.33,6.55,6.79,19.05,23.47,1,2,13.0,3,91,2010,False,False,False,False,False,False,False,False,False,False,False
2010,3,2010-03-01,14.8,12.8,15.8,14.4,13.2,10.3,12.35,11.16,2010,3,11023312.97,0.0,11023312.97,6056859.1,4966453.87,833557.39,4132896.48,7249631.85,3773681.12,8268423.51,-1782248.4,984107.14,-2766355.53,10050671.9,-4494742.39,1810889.99,1086457.41,724432.59,2010,3,80.27,2.44,1.99,1.5,6.0,1.04,3.03,7.36,8.6,7.59,5.55,19.03,23.62,1,1,9.0,0,60,2010,False,False,False,False,False,False,True,False,False,False,False
2010,2,2010-02-01,15.6,12.7,16.2,14.4,14.0,10.1,13.39,11.37,2010,2,10792645.17,0.0,10792645.17,5991928.55,4800716.63,812132.66,3988583.97,7298136.87,3494508.3,8044868.02,-2024593.12,722324.11,-2746917.23,10069461.14,-4550359.72,1738741.4,1049411.15,689330.25,2010,2,75.06,2.39,1.94,2.27,6.0,2.33,3.31,10.97,10.89,10.99,7.8,18.74,23.33,1,1,5.0,0,32,2010,False,False,True,False,False,False,False,False,False,False,False
2010,1,2010-01-01,14.4,12.6,15.9,14.7,12.1,9.6,10.8,11.01,2010,1,10478417.29,32043.35,10446373.94,5805454.91,4640919.02,820528.05,3820390.97,7417256.87,3061160.41,7748513.42,-2333484.88,697288.95,-3030773.83,10081998.31,-4687353.01,1647806.04,1068205.82,579600.22,2010,1,77.62,2.33,1.88,2.61,6.0,3.72,3.34,11.82,12.41,12.98,11.85,18.82,22.76,1,1,53.0,4,1,2010,False,False,False,True,False,False,False,False,False,False,False
2009,12,2009-12-01,13.9,12.5,15.5,14.8,11.2,9.2,11.12,11.15,2009,12,10780627.14,0.0,10780627.14,5763511.22,5017115.93,927236.44,4089879.48,7593321.82,3187305.32,7862641.39,-2356694.72,770038.26,-3126732.97,10219336.11,-4675336.07,1653859.98,1181541.93,472318.05,2009,12,75.11,2.05,1.6,4.68,6.0,4.0,3.33,12.73,13.15,13.34,12.17,19.55,23.77,1,4,49.0,1,335,2009,False,True,False,False,False,False,False,False,False,False,False
2009,11,2009-11-01,12.4,12.6,13.5,15.0,10.7,9.1,11.0,11.5,2009,11,10780627.14,0.0,10239558.4,5517661.7,4721896.7,851394.4,3870502.2,7477281.0,2762277.4,7424739.0,-2565242.4,770038.26,-3126732.97,9989981.5,-4662461.6,1383510.44,1108617.3,274893.19,2009,11,78.11,2.15,1.7,5.62,6.0,4.48,3.35,12.42,13.31,11.81,8.91,19.66,23.2,1,4,44.0,6,305,2009,False,False,False,False,False,False,False,False,True,False,False
2009,10,2009-10-01,11.6,12.8,13.5,15.4,8.9,9.0,9.4,11.7,2009,10,10780627.14,0.0,9911551.3,5520905.0,4390646.4,781323.9,3609322.5,7256130.8,2655420.6,7131494.8,-2722121.4,770038.26,-3126732.97,9853616.2,-4476074.2,1794947.13,1020135.1,774811.99,2009,10,78.25,2.28,1.83,7.05,6.0,5.08,2.23,13.04,13.19,13.7,13.34,19.06,20.5,1,4,40.0,3,274,2009,False,False,False,False,False,False,False,False,False,True,False
2009,9,2009-09-01,10.4,13.1,12.5,15.9,7.4,8.9,9.3,11.8,2009,9,10780627.14,0.0,9458490.2,5124990.2,4333500.1,778724.6,3554775.5,6886864.6,2571625.7,6854251.4,-2957111.8,770038.26,-3126732.97,9811363.3,-4282625.7,1261973.6,1031852.0,230121.58,2009,9,70.22,2.18,1.73,9.7,6.0,4.8,2.36,11.12,12.17,12.42,13.25,18.91,22.81,1,3,36.0,1,244,2009,False,False,False,False,False,False,False,False,False,False,True
2009,8,2009-08-01,11.0,13.3,12.7,16.3,8.0,8.9,9.26,11.76,2009,8,10780627.14,0.0,9475324.9,4959974.8,4515350.0,759861.6,3755488.4,7514680.2,1960644.7,6394215.5,-3280802.2,770038.26,-3126732.97,9675017.7,-4433570.8,1239508.04,1019428.2,220079.87,2009,8,74.0,2.12,1.67,7.04,6.0,4.8,2.79,13.07,12.58,13.76,13.78,19.39,23.18,1,3,31.0,5,213,2009,True,False,False,False,False,False,False,False,False,False,False
2009,7,2009-07-01,11.1,13.4,12.9,16.8,8.3,8.6,12.34,11.55,2009,7,10780627.14,0.0,8889358.8,4585570.2,4303788.6,766880.0,3536908.6,7553994.1,1335364.7,5723916.2,-3302158.3,770038.26,-3126732.97,9026074.5,-4388551.5,1210805.45,1008282.4,202523.07,2009,7,66.52,2.14,1.69,18.1,6.0,3.93,2.4,14.81,12.86,13.32,13.23,19.34,22.8,1,3,27.0,2,182,2009,False,False,False,False,True,False,False,False,False,False,False
2009,6,2009-06-01,11.2,13.7,13.1,17.5,8.5,8.3,9.31,11.08,2009,6,10780627.14,0.0,9077026.5,4592410.8,4484615.7,746463.8,3738151.9,7643607.1,1433419.4,5406926.5,-3150018.1,770038.26,-3126732.97,8556944.7,-3973507.1,1291493.2,1006598.9,284894.35,2009,6,72.24,2.17,1.72,18.6,8.0,3.32,2.67,11.69,12.63,13.12,12.67,19.08,22.67,1,2,23.0,0,152,2009,False,False,False,False,False,True,False,False,False,False,False
2009,5,2009-05-01,13.2,13.8,15.7,17.9,9.9,7.8,12.58,10.98,2009,5,10780627.14,0.0,8720581.4,4398124.9,4322456.5,764389.7,3558066.8,7633449.6,1087131.9,5246649.1,-3262697.1,770038.26,-3126732.97,8509346.3,-4159517.2,1381358.41,1026915.4,354442.97,2009,5,60.02,2.22,1.77,13.17,8.0,3.27,2.6,11.68,11.66,12.11,11.63,18.75,22.01,1,2,18.0,4,121,2009,False,False,False,False,False,False,False,True,False,False,False
2009,4,2009-04-01,13.3,13.5,15.3,17.9,10.9,7.3,13.28,10.24,2009,4,10780627.14,0.0,9001008.1,4431343.5,4569664.6,823772.5,3745892.0,7963791.8,1037216.4,5038211.1,-3341698.0,770038.26,-3126732.97,8379909.0,-4000994.7,1506021.1,1048137.4,457883.69,2009,4,51.16,1.86,1.41,12.51,8.0,3.33,2.58,15.01,14.65,11.26,14.91,19.28,23.12,1,2,14.0,2,91,2009,False,False,False,False,False,False,False,False,False,False,False
2009,3,2009-03-01,14.4,13.1,16.2,17.7,11.8,6.5,15.31,9.25,2009,3,10780627.14,0.0,8997817.3,4331102.3,4666715.0,804073.3,3862641.7,8105332.2,892485.0,4620518.2,-3605924.4,770038.26,-3126732.97,8226442.6,-3728033.2,1384040.39,1037766.1,346274.24,2009,3,49.7,2.07,1.62,20.6,9.75,2.53,2.62,12.92,12.84,12.57,11.44,19.19,22.62,1,1,9.0,6,60,2009,False,False,False,False,False,False,True,False,False,False,False
2009,2,2009-02-01,14.6,12.6,20.0,17.5,7.2,5.6,9.08,7.87,2009,2,10780627.14,0.0,9087967.0,4428959.2,4659007.8,814931.3,3844076.5,8421238.6,666728.4,4324858.2,-4143119.9,770038.26,-3126732.97,8467978.1,-3658129.8,1355386.31,1024200.6,331185.71,2009,2,46.52,2.06,1.61,17.3,9.75,2.0,2.59,13.78,13.75,15.84,16.47,18.9,23.52,1,1,5.0,6,32,2009,False,False,True,False,False,False,False,False,False,False,False
2009,1,2009-01-01,14.0,12.0,18.4,16.5,8.0,5.5,12.59,7.65,2009,1,10780627.14,0.0,9294035.9,4569149.5,4724886.5,839198.1,3885688.4,7884699.9,1409336.1,5001648.4,-3506931.1,770038.26,-3126732.97,8508579.5,-3592312.3,1486824.34,1064615.1,422209.24,2009,1,44.95,2.03,1.58,7.91,9.75,3.88,2.59,12.89,12.71,13.09,12.38,16.78,21.27,1,1,1.0,3,1,2009,False,False,False,True,False,False,False,False,False,False,False
2008,12,2008-12-01,15.1,11.6,18.0,16.1,10.4,5.1,15.29,6.72,2008,12,10780627.14,0.0,9166835.3,4309523.1,4857312.2,892675.6,3964636.7,8550430.3,616405.0,4951860.3,-3107688.6,770038.26,-3126732.97,8059548.9,-4335455.3,1549093.03,1155334.6,393758.48,2008,12,45.87,2.04,1.59,12.17,9.75,5.61,2.92,11.65,12.26,12.45,12.41,15.26,21.15,1,4,49.0,0,336,2008,False,True,False,False,False,False,False,False,False,False,False
2008,11,2008-11-01,14.8,10.9,18.1,15.3,9.3,4.5,13.05,4.88,2008,11,10780627.14,0.0,8387156.7,4118172.8,4268983.9,744343.6,3524640.3,7633712.0,753444.8,4337279.2,-3635992.3,770038.26,-3126732.97,7973271.5,-3583834.4,1284518.46,988182.5,296335.98,2008,11,55.51,2.14,1.69,15.77,9.75,6.9,2.78,12.33,12.79,12.98,12.84,14.58,20.45,1,4,44.0,5,306,2008,False,False,False,False,False,False,False,False,True,False,False
2008,10,2008-10-01,14.7,10.1,19.2,14.0,7.9,4.3,11.4,3.44,2008,10,10780627.14,0.0,8339115.5,4103304.5,4235811.0,743153.1,3492657.8,7975734.9,363380.5,4254703.7,-3439071.7,770038.26,-3126732.97,7693775.4,-3891323.2,1251929.91,966136.9,285793.03,2008,10,75.31,2.26,1.81,14.09,9.75,7.72,2.79,12.42,12.94,13.15,13.08,14.81,19.19,1,4,40.0,2,275,2008,False,False,False,False,False,False,False,False,False,True,False
2008,9,2008-09-01,13.0,9.2,17.1,12.3,6.9,4.5,8.33,2.43,2008,9,10780627.14,0.0,8960287.7,4438497.4,4521790.3,756786.0,3765004.3,8523481.0,436806.8,4244627.1,-3230039.3,770038.26,-3126732.97,7474666.4,-3807820.3,1247209.47,976362.3,270847.16,2008,9,103.82,2.17,1.72,15.42,9.75,9.08,2.75,12.13,12.81,13.06,12.95,14.77,19.24,1,3,36.0,0,245,2008,False,False,False,False,False,False,False,False,False,False,True
2008,8,2008-08-01,12.4,8.5,18.8,10.7,3.9,4.8,6.6,2.03,2008,8,10780627.14,0.0,8335290.5,4070429.9,4264860.6,727003.6,3537857.0,8461171.7,-125881.2,4438433.7,-2986658.7,770038.26,-3126732.97,7425092.4,-4564314.9,1273816.46,948262.7,325553.78,2008,8,115.84,2.11,1.66,14.45,10.25,9.13,2.79,11.16,11.82,11.58,11.91,15.08,18.02,1,3,31.0,4,214,2008,True,False,False,False,False,False,False,False,False,False,False
2008,7,2008-07-01,14.0,7.8,20.9,9.0,4.8,5.4,6.61,1.93,2008,7,10780627.14,0.0,8067591.2,3968629.1,4098962.2,705084.4,3393877.8,8032523.5,35067.8,4907125.3,-2433993.0,770038.26,-3126732.97,7341118.3,-4872057.5,1279228.72,936858.5,342370.24,2008,7,137.74,2.13,1.68,8.61,10.25,9.21,2.82,11.2,11.9,11.78,12.22,15.22,18.07,1,3,27.0,1,183,2008,False,False,False,False,True,False,False,False,False,False,False
2008,6,2008-06-01,12.0,7.0,18.11,7.41,3.61,5.8,7.96,1.34,2008,6,10780627.14,0.0,7948368.8,3619857.2,4328511.7,673055.4,3655456.3,8316237.2,-367868.4,4038236.3,-2716445.3,770038.26,-3126732.97,6754681.6,-4406104.7,1517769.45,918282.9,599486.57,2008,6,138.74,2.02,1.57,11.23,10.25,8.64,2.79,11.26,11.96,11.76,11.95,15.17,18.03,1,2,22.0,6,153,2008,False,False,False,False,False,True,False,False,False,False,False
2008,5,2008-05-01,9.7,6.5,14.7,6.1,3.3,6.3,3.71,0.6,2008,5,10780627.14,0.0,7546333.7,3553061.1,3993272.6,660155.2,3333117.4,8148341.8,-602008.1,3693217.7,-3094241.2,770038.26,-3126732.97,6787458.9,-4295225.8,1242324.87,916902.2,325422.71,2008,5,126.57,2.05,1.6,9.47,10.0,8.27,2.76,10.92,11.57,11.27,11.6,15.02,17.98,1,2,18.0,3,122,2008,False,False,False,False,False,False,False,True,False,False,False
2008,4,2008-04-01,8.2,6.1,13.1,5.1,1.2,6.4,1.5,0.6,2008,4,10780627.14,0.0,7805093.5,3749496.5,4055597.1,674770.1,3380826.9,8157104.6,-352011.1,3599023.0,-2895186.4,770038.26,-3126732.97,6494209.4,-3951034.1,1158839.25,898903.7,259935.5,2008,4,116.73,1.96,1.51,10.51,10.0,8.17,2.97,11.0,11.76,11.15,11.18,15.39,18.25,1,2,14.0,1,92,2008,False,False,False,False,False,False,False,False,False,False,False
2008,3,2008-03-01,7.8,5.8,12.4,4.2,0.5,6.8,-1.3,1.0,2008,3,10780627.14,0.0,7998232.8,3452094.2,4546138.6,662789.6,3883349.0,7991622.8,6610.1,3462330.5,-2501996.3,770038.26,-3126732.97,5964326.8,-3455720.4,1200043.02,891816.9,308226.13,2008,3,103.73,2.06,1.61,9.37,9.5,8.5,2.94,10.61,10.4,9.72,10.01,15.23,17.58,1,1,9.0,5,61,2008,False,False,False,False,False,False,True,False,False,False,False
2008,2,2008-02-01,8.0,5.5,8.7,3.3,6.4,7.5,6.4,1.9,2008,2,10780627.14,0.0,7016468.5,3233116.5,3783352.0,687552.1,3095799.9,7659356.1,-642887.5,3282957.9,-2456442.8,770038.26,-3126732.97,5739400.7,-3925845.4,1065912.73,866677.6,199235.13,2008,2,98.15,2.08,1.63,10.04,9.5,8.63,2.83,10.77,11.06,10.47,10.59,15.58,18.16,1,1,5.0,4,32,2008,False,False,True,False,False,False,False,False,False,False,False
2008,1,2008-01-01,8.6,5.5,12.6,2.9,2.5,7.9,1.4,2.0,2008,1,10780627.14,0.0,6527673.0,3055565.4,3472107.6,667987.7,2804120.0,7446486.3,-918813.2,2918850.5,-2419584.3,770038.26,-3126732.97,5338434.8,-3837663.7,1050304.69,865935.0,184369.68,2008,1,94.26,2.17,1.72,11.22,9.5,8.58,2.88,10.86,11.14,10.52,10.61,15.52,18.26,1,1,1.0,1,1,2008,False,False,False,True,False,False,False,False,False,False,False
2007,12,2007-12-01,6.6,5.4,8.2,1.9,3.6,9.2,-6.5,2.9,2007,12,10780627.14,0.0,5809826.5,2693554.3,3116272.1,737867.2,2378404.9,7266512.1,-1456685.6,2688236.5,-2368484.4,770038.26,-3126732.97,5056720.9,-4144922.1,1195271.94,960774.4,234497.5,2007,12,93.4,2.2,1.75,8.99,9.5,7.75,3.19,10.18,10.29,9.53,7.92,16.46,18.21,1,4,48.0,5,335,2007,False,True,False,False,False,False,False,False,False,False,False
2007,11,2007-11-01,5.2,5.5,3.2,1.5,7.4,10.3,-4.3,5.2,2007,11,10780627.14,0.0,5881558.6,2926455.1,2955103.6,634096.7,2321006.9,7098122.0,-1216563.3,2515492.5,-2197226.5,770038.26,-3126732.97,4712718.9,-3732055.8,1091068.72,790177.1,300891.63,2007,11,95.05,2.25,1.8,8.56,9.0,6.67,3.15,9.9,9.88,9.43,7.65,16.5,18.29,1,4,44.0,3,305,2007,False,False,False,False,False,False,False,False,True,False,False
2007,10,2007-10-01,4.6,5.7,-0.1,1.7,10.7,10.7,-0.9,7.1,2007,10,10780627.14,0.0,5585227.8,2646354.6,2938873.1,571347.8,2367525.4,7185713.4,-1600485.6,1789865.7,-2625690.8,770038.26,-3126732.97,4415556.4,-3390351.3,940779.37,755643.4,185136.02,2007,10,83.86,2.32,1.87,7.21,9.0,6.23,3.39,9.77,9.97,9.51,7.68,16.5,18.21,1,4,40.0,0,274,2007,False,False,False,False,False,False,False,False,False,True,False
2007,9,2007-09-01,4.1,5.9,-0.8,2.1,10.5,10.6,3.7,8.3,2007,9,10780627.14,0.0,5672622.4,2634014.5,3038607.9,543386.4,2495221.5,6977270.9,-1304648.4,1740308.5,-2462861.0,770038.26,-3126732.97,4203169.5,-3044956.9,967276.92,722306.9,244970.0,2007,9,79.76,2.31,1.86,6.24,8.0,7.1,3.05,10.43,10.37,9.49,8.12,16.46,18.27,1,3,35.0,5,244,2007,False,False,False,False,False,False,False,False,False,False,True
2007,8,2007-08-01,4.2,6.1,-1.2,2.5,11.2,10.6,5.6,8.9,2007,8,10780627.14,0.0,5550488.3,2678221.5,2872266.8,523997.0,2348269.8,6729268.0,-1178779.8,1414020.8,-2495428.9,770038.26,-3126732.97,3909449.7,-2592800.6,942180.62,717704.5,224476.14,2007,8,73.76,2.2,1.75,6.83,8.0,6.24,3.71,10.61,10.58,9.73,8.2,16.42,18.27,1,3,31.0,2,213,2007,True,False,False,False,False,False,False,False,False,False,False
2007,7,2007-07-01,4.8,6.0,1.1,2.4,9.9,10.8,-0.4,9.4,2007,7,10780627.14,0.0,5130160.2,2379653.6,2750506.5,519114.3,2231392.2,7005911.5,-1875751.4,1086789.1,-2742458.0,770038.26,-3126732.97,3829247.1,-2962540.5,935374.78,714343.1,221031.71,2007,7,79.76,2.17,1.72,10.52,8.0,5.98,3.77,10.46,10.4,9.78,8.06,16.57,18.36,1,3,26.0,6,182,2007,False,False,False,False,True,False,False,False,False,False,False
2007,6,2007-06-01,6.4,5.9,3.2,2.0,9.6,11.1,-0.3,10.8,2007,6,10780627.14,0.0,5116246.7,2477185.7,2639061.0,525742.5,2113318.5,7633412.6,-2517165.9,888710.9,-2615012.0,770038.26,-3126732.97,3503723.0,-3405876.8,858301.17,714955.6,143345.6,2007,6,73.28,2.08,1.63,8.46,8.0,6.59,3.78,10.25,10.24,10.0,8.02,16.92,18.74,1,2,22.0,4,152,2007,False,False,False,False,False,True,False,False,False,False,False
2007,5,2007-05-01,4.6,6.0,2.4,2.2,4.6,11.5,2.7,12.1,2007,5,10780627.14,0.0,4909220.6,2350533.1,2558687.5,565350.0,1993337.5,7322146.0,-2412925.4,988694.1,-2436619.1,770038.26,-3126732.97,3425313.2,-3401619.5,1031500.71,742810.4,288690.29,2007,5,70.4,1.96,1.51,7.99,10.0,7.2,3.82,10.35,10.27,9.8,8.04,16.94,17.17,1,2,18.0,1,121,2007,False,False,False,False,False,False,False,True,False,False,False
2007,4,2007-04-01,4.2,6.5,2.1,2.7,5.4,12.4,6.5,13.1,2007,4,10780627.14,0.0,5052863.3,2203453.9,2849409.4,609486.8,2239922.6,7093858.4,-2040995.1,456853.0,-2754698.0,770038.26,-3126732.97,3211551.0,-2497848.1,896020.1,766011.7,130008.38,2007,4,70.46,2.16,1.71,7.54,10.0,7.23,3.84,10.53,10.61,10.07,8.28,18.05,18.58,1,2,13.0,6,91,2007,False,False,False,False,False,False,False,False,False,False,False
2007,3,2007-03-01,5.2,7.2,1.7,3.3,8.9,13.4,10.2,13.6,2007,3,10780627.14,0.0,4798317.4,2195884.9,2602432.4,593302.2,2009130.2,6997940.8,-2199623.4,540315.8,-2508626.6,770038.26,-3126732.97,3048942.3,-2739939.2,841250.7,727411.2,113839.48,2007,3,64.28,2.14,1.69,7.68,10.0,6.85,4.3,10.48,10.46,10.0,8.3,17.18,18.92,1,1,9.0,3,60,2007,False,False,False,False,False,False,True,False,False,False,False
2007,2,2007-02-01,7.1,7.7,3.3,3.9,11.0,14.0,9.0,13.7,2007,2,10780627.14,0.0,4122142.0,1869146.8,2252995.2,604116.9,1648878.3,6752051.9,-2629909.9,-97763.2,-2469053.1,770038.26,-3126732.97,2371289.9,-2532146.7,801370.8,704584.8,96786.01,2007,2,59.97,2.31,1.86,7.26,10.0,6.9,3.19,9.97,10.01,9.63,7.8,17.63,18.64,1,1,5.0,3,32,2007,False,False,True,False,False,False,False,False,False,False,False
2007,1,2007-01-01,8.0,8.0,-0.1,4.4,19.3,14.0,13.2,14.0,2007,1,10780627.14,0.0,3900134.7,1722915.6,2177219.2,601410.1,1575809.0,7079270.5,-3179135.8,-262342.7,-2598554.7,770038.26,-3126732.97,2336212.0,-2916793.1,827891.53,705163.8,122727.72,2007,1,55.57,2.32,1.87,10.53,10.0,7.1,3.36,10.31,10.38,9.9,9.15,17.64,18.7,1,1,1.0,0,1,2007,False,False,False,True,False,False,False,False,False,False,False
2006,12,2006-12-01,8.5,8.2,3.9,5.6,17.3,12.8,22.6,13.9,2006,12,10780627.14,0.0,4027901.7,1747252.8,2280648.9,650943.6,1629705.3,6307859.3,-2279957.6,714205.7,-1936615.7,770038.26,-3126732.97,2650821.5,-2994163.3,974903.92,779254.2,195649.76,2006,12,64.7,2.36,1.91,8.98,10.0,7.75,3.25,9.99,10.25,9.93,7.45,17.33,18.66,1,4,48.0,4,335,2006,False,True,False,False,False,False,False,False,False,False,False
2006,11,2006-11-01,7.8,8.5,5.4,6.4,12.1,11.6,18.3,12.8,2006,11,10780627.14,0.0,4557557.2,2122317.4,2435239.8,567273.6,1867966.2,6694599.2,-2137042.0,1062510.8,-1589697.2,770038.26,-3126732.97,2652208.0,-3199552.8,799978.93,669521.0,130457.92,2006,11,59.81,2.34,1.89,9.7,0.0,7.0,3.1,10.05,10.26,10.12,8.15,17.26,18.72,1,4,44.0,2,305,2006,False,False,False,False,False,False,False,False,True,False,False
2006,10,2006-10-01,6.1,9.0,4.7,7.5,9.0,11.1,13.1,11.9,2006,10,10780627.14,0.0,4730662.8,2162328.8,2568334.1,520905.8,2047428.2,6527326.7,-1796663.8,1739878.6,-894120.9,770038.26,-3126732.97,2633999.4,-3536542.4,771464.22,629511.2,141953.05,2006,10,59.49,2.38,1.93,1.4,0.0,7.94,3.08,10.01,10.23,10.15,8.08,17.19,18.71,1,4,39.0,6,274,2006,False,False,False,False,False,False,False,False,False,True,False
2006,9,2006-09-01,6.3,10.0,4.3,9.0,10.6,11.2,11.0,11.9,2006,9,10780627.14,0.0,4320672.3,1991679.2,2328993.1,524351.9,1804641.2,5718702.3,-1398029.9,2336533.4,-235144.7,770038.26,-3126732.97,2571678.0,-3734563.3,815950.15,615140.9,200809.25,2006,9,62.97,2.4,1.95,10.45,0.0,6.98,2.93,8.98,9.57,9.31,7.78,17.19,18.52,1,3,35.0,4,244,2006,False,False,False,False,False,False,False,False,False,False,True
2006,8,2006-08-01,3.7,11.4,-2.3,11.0,14.5,11.5,11.9,12.2,2006,8,10780627.14,0.0,4189053.5,1952472.6,2236580.9,504805.6,1731775.3,5500396.0,-1311342.5,2458387.9,-84417.3,770038.26,-3126732.97,2542805.2,-3769730.4,838151.0,609346.6,228804.4,2006,8,75.15,2.4,1.95,3.33,0.0,8.4,2.91,9.0,9.68,9.57,8.21,16.81,18.39,1,3,31.0,1,213,2006,True,False,False,False,False,False,False,False,False,False,False
2006,7,2006-07-01,3.0,13.5,-3.7,14.5,13.6,11.3,15.2,12.3,2006,7,10780627.14,0.0,4109850.4,1854701.0,2255149.4,511172.6,1743976.9,5719055.4,-1609205.0,2229906.1,-154889.2,770038.26,-3126732.97,2384795.4,-3839111.1,796129.9,606859.5,189270.4,2006,7,75.13,2.39,1.94,3.37,0.0,9.79,2.96,9.49,9.95,9.43,10.49,17.08,18.61,1,3,26.0,5,182,2006,False,False,False,False,True,False,False,False,False,False,False
2006,6,2006-06-01,8.5,15.5,6.2,18.0,13.6,11.0,14.0,12.4,2006,6,10780627.14,0.0,3911821.5,1694890.0,2216931.5,514609.1,1702322.4,5568810.0,-1656988.5,2664489.9,360789.4,770038.26,-3126732.97,2303700.5,-4321478.4,797640.4,602829.0,194811.4,2006,6,69.32,2.41,1.96,8.16,0.0,8.41,2.96,9.49,10.25,9.43,8.19,17.08,18.16,1,2,22.0,3,152,2006,False,False,False,False,False,True,False,False,False,False,False
2006,5,2006-05-01,10.5,16.4,8.6,19.1,14.5,11.2,13.5,12.7,2006,5,10780627.14,0.0,3684404.5,1605832.3,2078572.2,520662.3,1557909.9,5428060.1,-1743655.6,2359847.2,8761.3,770038.26,-3126732.97,2351085.9,-4103502.8,852357.6,611224.3,241133.3,2006,5,71.18,2.28,1.83,1.57,0.0,6.65,2.95,9.4,10.26,9.16,9.09,16.97,18.36,1,2,18.0,0,121,2006,False,False,False,False,False,False,False,True,False,False,False
2006,4,2006-04-01,12.6,16.9,9.6,19.8,16.6,11.3,11.5,12.8,2006,4,10780627.14,0.0,3540703.6,1514629.8,2026073.8,527021.2,1499052.5,4683522.2,-1142818.6,2696782.2,523023.3,770038.26,-3126732.97,2173758.9,-3839600.8,805514.0,610130.3,195383.7,2006,4,72.09,2.32,1.87,1.13,0.0,8.6,2.98,9.35,10.23,8.78,8.93,16.25,18.03,1,2,13.0,5,91,2006,False,False,False,False,False,False,False,False,False,False,False
2006,3,2006-03-01,12.0,17.4,9.3,20.7,16.3,11.1,11.8,13.1,2006,3,10780627.14,0.0,3307667.9,1470197.4,1837470.4,479967.2,1357503.2,5108959.9,-1801292.0,2598849.0,471892.3,770038.26,-3126732.97,2126956.6,-4400141.0,728888.7,563713.0,165175.7,2006,3,65.0,2.25,1.8,7.77,0.0,9.86,2.98,9.37,9.57,8.61,9.17,16.3,17.89,1,1,9.0,2,60,2006,False,False,False,False,False,False,True,False,False,False,False
2006,2,2006-02-01,10.8,17.8,10.5,22.1,11.1,10.0,11.9,12.1,2006,2,10780627.14,0.0,2227472.8,832887.1,1394585.6,524540.5,870045.1,4405298.0,-2177825.2,1293706.7,179810.7,770038.26,-3126732.97,1113895.9,-3471531.9,720608.39,561626.4,158981.99,2006,2,61.33,2.47,2.02,5.59,0.0,11.49,2.96,9.13,9.68,8.95,8.36,16.57,18.14,1,1,5.0,2,32,2006,False,False,True,False,False,False,False,False,False,False,False
2006,1,2006-01-01,10.7,17.9,14.7,22.9,4.3,9.0,11.7,11.4,2006,1,10780627.14,0.0,2967139.5,1246501.3,1720638.2,478452.1,1242186.1,4675564.9,-1708425.4,2399397.6,417689.8,770038.26,-3126732.97,1981707.7,-4107823.0,705528.26,572747.4,132780.86,2006,1,63.85,2.59,2.14,27.06,0.0,13.68,4.5,7.88,9.95,8.55,8.64,16.69,18.23,1,1,52.0,6,1,2006,False,False,False,True,False,False,False,False,False,False,False
